public_repos,followers,following,account_age_days,repo_count,total_stars,avg_stars,total_forks,avg_forks,total_issues,active_repos,languages_used,top_language,has_company,has_blog,bio_length
70,52,67,2971,70,56,0.8,3,0.04285714286,4,0,17,Go,1,1,40
36,87,0,2865,36,56,1.555555556,162,4.5,213,7,9,JavaScript,0,1,118
22,239,16,1856,22,178,8.090909091,326,14.81818182,5,1,5,Python,1,0,28
50,18,0,4329,50,118,2.36,155,3.1,140,0,11,JavaScript,0,1,28
26,23,24,1176,26,24,0.9230769231,0,0,40,5,9,JavaScript,1,0,0
89,12,14,3571,89,41,0.4606741573,6,0.06741573034,7,0,6,TypeScript,1,1,41
80,80,17,952,80,294,3.675,398,4.975,31,6,10,JavaScript,0,1,76
15,49,0,1755,15,14,0.9333333333,59,3.933333333,250,15,5,Python,0,0,0
116,64,14,1740,100,181,1.81,268,2.68,27,2,4,Python,1,1,31
57,35,0,1661,57,8,0.1403508772,22,0.3859649123,75,7,8,TypeScript,0,1,19
20,32,0,3299,20,36,1.8,114,5.7,15,0,7,Shell,0,1,49
90,75,30,2717,90,58,0.6444444444,23,0.2555555556,60,23,12,JavaScript,0,1,37
38,67,14,3113,38,3,0.07894736842,0,0,47,3,7,Java,0,0,39
3,14,0,293,3,18,6,4,1.333333333,6,0,1,C,0,0,81
11,15,21,1368,11,6,0.5454545455,1,0.09090909091,1,2,4,TypeScript,1,1,36
39,22,30,1076,39,12,0.3076923077,20,0.5128205128,0,2,11,JavaScript,1,1,33
66,27,30,2733,66,17,0.2575757576,8,0.1212121212,3,0,14,Java,1,1,42
101,62,45,2881,100,33,0.33,101,1.01,80,2,14,HTML,1,1,68
66,28,49,2016,66,0,0,3,0.04545454545,9,0,12,JavaScript,1,0,29
52,38,48,2755,52,192,3.692307692,37,0.7115384615,16,0,9,CSS,1,1,40
58,29,30,2404,58,7,0.1206896552,2,0.03448275862,50,2,14,Java,1,1,56
62,35,43,1278,62,52,0.8387096774,7,0.1129032258,1,3,12,Python,1,1,40
7,23,0,1919,7,16,2.285714286,14,2,1,0,1,Go,0,1,26
43,197,0,4907,43,15,0.3488372093,2,0.04651162791,1,3,8,Ballerina,1,1,98
34,34,50,2733,34,13,0.3823529412,4,0.1176470588,8,0,8,Dart,0,0,54
7,56,33,1624,7,115,16.42857143,181,25.85714286,5,0,1,Python,1,1,33
93,153,154,1064,93,12,0.1290322581,3,0.03225806452,1,9,18,Java,1,1,81
9,14,0,2596,9,11,1.222222222,27,3,1,0,3,PHP,0,0,53
56,181,1058,2143,56,110,1.964285714,7,0.125,2,0,7,Python,1,0,81
62,91,60,4009,62,264,4.258064516,141,2.274193548,16,3,13,Java,1,1,86
13,18,0,3277,13,17,1.307692308,80,6.153846154,1,0,5,Shell,0,1,27
18,29,46,1526,18,14,0.7777777778,3,0.1666666667,0,0,3,JavaScript,1,0,37
35,81,37,1630,35,457,13.05714286,20,0.5714285714,1,0,9,JavaScript,0,0,72
29,16,0,2860,29,3,0.1034482759,9,0.3103448276,4,10,6,JavaScript,0,1,160
31,56,0,1529,31,20,0.6451612903,116,3.741935484,65,19,8,TypeScript,0,1,76
19,36,0,1366,19,390,20.52631579,18,0.9473684211,11,0,8,TypeScript,0,1,50
56,604,10,1354,56,189,3.375,194,3.464285714,5,3,11,JavaScript,0,1,144
63,15,5,1373,63,2,0.03174603175,3,0.04761904762,4,2,10,JavaScript,0,0,58
12,144,521,1432,12,8,0.6666666667,1,0.08333333333,0,0,4,JavaScript,1,0,77
34,12,10,1263,34,57,1.676470588,1,0.02941176471,2,0,5,HTML,1,1,68
20,59,0,2137,20,35,1.75,143,7.15,73,0,6,Dart,0,1,75
17,12,14,3274,17,11,0.6470588235,11,0.6470588235,3,0,5,Python,1,1,29
71,30,47,1403,71,27,0.3802816901,1,0.01408450704,0,0,10,Java,1,1,63
14,22,0,1662,14,18,1.285714286,12,0.8571428571,2,0,1,Python,1,1,31
25,61,15,2641,25,1056,42.24,49,1.96,81,4,7,JavaScript,0,0,82
42,77,69,1185,42,7,0.1666666667,20,0.4761904762,17,4,11,PHP,0,1,99
44,34,11,3124,44,25,0.5681818182,50,1.136363636,9,6,9,JavaScript,1,1,51
24,27,32,1611,24,1,0.04166666667,0,0,1,1,6,JavaScript,0,0,70
37,9,8,1030,37,18,0.4864864865,10,0.2702702703,0,0,8,JavaScript,1,0,34
14,45,15,5830,14,8,0.5714285714,4,0.2857142857,0,0,6,Go,1,1,57
68,120,47,1610,68,381,5.602941176,75,1.102941176,3,0,12,JavaScript,0,1,70
5,23,0,1049,5,0,0,0,0,0,0,1,Vue,0,0,129
64,30,30,2375,64,27,0.421875,3,0.046875,7,6,8,JavaScript,1,1,73
31,19,20,1597,31,21,0.6774193548,1,0.03225806452,0,0,10,C,0,0,53
64,17,13,2686,64,8,0.125,11,0.171875,107,0,8,JavaScript,0,0,69
35,14,17,2225,35,0,0,1,0.02857142857,1,2,11,Python,0,1,37
22,13,7,4472,22,1,0.04545454545,3,0.1363636364,0,0,5,JavaScript,0,1,41
23,45,86,3609,23,14,0.6086956522,2,0.08695652174,0,1,10,HTML,1,1,73
69,21,19,1159,69,8,0.115942029,14,0.2028985507,2,2,9,JavaScript,1,0,57
77,32,51,3104,77,9,0.1168831169,18,0.2337662338,34,1,12,JavaScript,0,1,96
16,34,19,2105,16,17,1.0625,10,0.625,21,3,9,PHP,0,1,52
202,37,0,1372,100,6,0.06,0,0,20,17,13,Dart,0,1,102
90,19,16,2894,90,11,0.1222222222,3,0.03333333333,30,0,15,Java,1,1,77
75,6,26,1725,75,9,0.12,156,2.08,0,0,2,Batchfile,0,1,24
16,22,0,2986,16,18,1.125,25,1.5625,2,4,3,Shell,0,1,52
55,17,9,1622,55,7,0.1272727273,9,0.1636363636,8,0,5,JavaScript,1,1,74
31,21,31,1192,31,2,0.06451612903,2,0.06451612903,2,5,4,C++,0,0,80
60,11,0,1660,60,14,0.2333333333,29,0.4833333333,7,0,4,Python,0,1,54
82,6,4,2357,82,4,0.0487804878,0,0,12,2,11,JavaScript,1,1,35
36,8,48,4531,36,1,0.02777777778,0,0,9,0,7,HTML,1,1,40
35,78,96,4894,35,48,1.371428571,17,0.4857142857,4,0,13,Java,1,1,131
6,3,0,1652,6,0,0,0,0,0,0,3,HTML,0,0,17
21,14,7,1699,21,0,0,0,0,0,0,9,Python,0,0,54
41,12,6,3201,41,13,0.3170731707,1,0.0243902439,0,6,12,JavaScript,0,1,58
25,20,14,1413,25,14,0.56,23,0.92,3,0,6,Java,0,0,59
18,26,0,1133,18,97,5.388888889,37,2.055555556,11,3,9,Verilog,0,1,53
43,36,49,2563,43,6,0.1395348837,2,0.04651162791,9,1,12,Java,0,1,102
55,17,17,3897,55,10,0.1818181818,14,0.2545454545,21,0,13,Java,1,1,69
68,32,25,3434,68,12,0.1764705882,11,0.1617647059,69,0,13,Java,1,1,105
50,16,16,3129,50,14,0.28,16,0.32,42,0,8,Dart,0,0,83
89,82,149,2888,89,81,0.9101123596,3,0.03370786517,122,2,13,JavaScript,1,1,154
77,37,57,1059,77,4,0.05194805195,7,0.09090909091,3,10,11,Python,0,1,135
73,10,10,1858,73,1,0.01369863014,1,0.01369863014,3,1,9,Java,1,1,48
33,6,4,5379,33,19,0.5757575758,2,0.06060606061,0,1,5,JavaScript,1,1,33
4,51,0,1637,4,0,0,32,8,6,0,1,HTML,0,1,80
53,23,32,2305,53,12,0.2264150943,5,0.09433962264,0,0,9,Java,0,1,92
26,67,63,670,26,0,0,0,0,0,10,8,JavaScript,1,1,114
31,13,20,3281,31,6,0.1935483871,0,0,0,4,8,JavaScript,0,1,53
2,34,0,1519,2,26,13,5,2.5,1,0,1,JavaScript,0,1,39
36,11,1,1460,36,3,0.08333333333,6,0.1666666667,2,5,7,JavaScript,1,1,48
28,18,2,2622,28,78,2.785714286,25,0.8928571429,3,0,7,JavaScript,0,0,90
27,25,40,733,27,40,1.481481481,0,0,0,0,6,HTML,1,0,78
20,17,12,1174,20,1,0.05,0,0,0,1,4,CSS,0,0,58
27,107,0,3104,27,127,4.703703704,446,16.51851852,107,0,7,TypeScript,0,1,102
11,17,33,1438,11,0,0,0,0,0,1,6,Python,0,0,64
21,7,1,3983,21,4,0.1904761905,3,0.1428571429,21,2,5,PHP,1,1,155
6,13,0,809,6,5,0.8333333333,31,5.166666667,11,0,5,Python,0,0,0
19,14,17,1647,19,0,0,1,0.05263157895,12,0,3,JavaScript,0,0,50
52,128,18,3235,52,12,0.2307692308,3,0.05769230769,61,5,12,JavaScript,1,1,126
62,6,7,1886,62,0,0,7,0.1129032258,0,0,3,Python,0,0,48
59,42,54,2007,59,22,0.3728813559,30,0.5084745763,11,0,10,JavaScript,1,1,115
39,26,43,1046,39,46,1.179487179,0,0,0,0,7,Java,0,0,99
37,34,31,563,37,6,0.1621621622,1,0.02702702703,1,13,6,CSS,0,1,115
27,17,19,1086,27,13,0.4814814815,6,0.2222222222,0,3,9,JavaScript,0,0,75
22,36,42,1949,22,1,0.04545454545,0,0,0,0,7,Java,0,1,86
22,37,46,740,22,8,0.3636363636,5,0.2272727273,0,1,8,TypeScript,0,1,99
19,15,11,893,19,9,0.4736842105,5,0.2631578947,4,7,6,JavaScript,1,0,58
12,30,36,1082,12,0,0,0,0,0,4,4,HTML,0,0,87
14,14,7,3095,14,0,0,0,0,9,0,3,JavaScript,0,0,69
51,3,0,1528,51,1,0.01960784314,4,0.07843137255,13,0,1,JavaScript,0,0,15
16,22,15,2278,16,5,0.3125,0,0,0,1,4,Python,0,0,61
63,16,13,1296,63,14,0.2222222222,6,0.09523809524,8,3,9,C#,1,0,90
25,4,1,1982,25,2,0.08,1,0.04,1,0,5,Java,0,0,76
0,15,0,1060,0,0,0,0,0,0,0,0,None,0,1,13
27,8,15,943,27,0,0,0,0,3,0,6,HTML,0,0,45
33,26,16,1876,33,16,0.4848484848,7,0.2121212121,0,0,4,Jupyter Notebook,1,0,84
25,21,57,2084,25,3,0.12,6,0.24,0,0,6,JavaScript,1,0,86
34,13,11,765,34,11,0.3235294118,2,0.05882352941,0,1,6,HTML,1,0,65
22,5,5,1030,22,2,0.09090909091,1,0.04545454545,0,0,6,Java,0,0,36
16,14,43,1649,16,2,0.125,6,0.375,2,4,7,JavaScript,1,0,51
10,13,5,1596,10,2,0.2,2,0.2,0,0,3,CSS,1,1,60
82,3,5,2869,82,0,0,7,0.08536585366,19,0,9,Java,1,1,45
22,18,3,2236,22,0,0,17,0.7727272727,1,0,6,JavaScript,1,1,101
55,9,0,2835,55,3,0.05454545455,12,0.2181818182,11,0,11,JavaScript,1,1,83
24,10,0,904,24,1,0.04166666667,0,0,13,0,8,TypeScript,0,0,66
14,27,15,1221,14,5,0.3571428571,2,0.1428571429,1,1,5,JavaScript,0,0,84
23,37,29,3145,23,5,0.2173913043,1,0.04347826087,2,3,9,JavaScript,1,1,117
50,64,29,2996,50,213,4.26,54,1.08,115,1,13,Dart,1,1,136
10,10,7,3619,10,0,0,0,0,0,0,6,Java,0,0,40
29,8,3,1212,29,6,0.2068965517,2,0.06896551724,11,3,9,Python,1,1,43
17,10,3,2108,17,4,0.2352941176,0,0,0,2,4,Dart,0,0,36
30,8,6,2886,30,0,0,2,0.06666666667,3,2,6,Python,0,1,157
26,31,23,698,26,30,1.153846154,3,0.1153846154,0,0,6,JavaScript,0,0,105
141,22,5,1541,100,7,0.07,7,0.07,9,0,10,Jupyter Notebook,0,1,127
56,12,55,1939,56,24,0.4285714286,0,0,0,0,7,Java,0,0,77
11,16,0,2711,11,21,1.909090909,5,0.4545454545,7,0,5,HTML,0,1,120
31,14,1,3203,31,7,0.2258064516,1,0.03225806452,69,2,5,JavaScript,1,0,91
26,9,13,1000,26,0,0,0,0,0,1,10,Java,0,1,67
35,4,0,387,35,2,0.05714285714,0,0,1,12,8,JavaScript,1,1,37
44,23,8,1342,44,0,0,1,0.02272727273,1,0,9,Python,0,0,124
23,4,11,2501,23,5,0.2173913043,1,0.04347826087,0,0,5,Python,0,1,32
18,12,15,2393,18,0,0,0,0,23,0,9,JavaScript,0,0,75
14,23,25,1150,14,5,0.3571428571,0,0,0,0,5,JavaScript,1,1,99
8,37,0,622,8,6,0.75,2,0.25,0,4,6,Java,0,1,98
5,10,0,597,5,0,0,3,0.6,2,1,1,JavaScript,0,1,41
22,12,10,2785,22,0,0,1,0.04545454545,39,0,9,Java,1,0,91
19,17,10,2695,19,3,0.1578947368,1,0.05263157895,2,1,7,Java,1,1,95
12,32,22,1658,12,16,1.333333333,8,0.6666666667,0,0,5,Java,0,0,114
75,35,3,3234,75,40,0.5333333333,174,2.32,169,0,12,JavaScript,1,0,117
31,11,2,1377,31,8,0.2580645161,10,0.3225806452,9,8,7,TypeScript,0,0,87
64,9,10,2426,64,2,0.03125,2,0.03125,0,0,15,TypeScript,1,1,65
69,33,9,1866,69,44,0.6376811594,11,0.1594202899,17,0,12,JavaScript,1,1,124
41,9,7,1878,41,0,0,0,0,2,0,7,C#,0,0,92
29,11,16,2686,29,1,0.03448275862,0,0,0,0,7,Python,0,0,93
13,12,8,2491,13,3,0.2307692308,10,0.7692307692,12,0,6,JavaScript,0,0,77
18,6,2,594,18,1,0.05555555556,3,0.1666666667,0,5,6,JavaScript,1,1,46
13,29,22,3432,13,0,0,0,0,0,0,4,PHP,0,0,101
44,10,6,2633,44,34,0.7727272727,34,0.7727272727,28,0,8,JavaScript,1,0,58
65,40,38,2157,65,15,0.2307692308,32,0.4923076923,3,0,11,HTML,0,1,119
17,9,9,956,17,4,0.2352941176,0,0,1,10,7,JavaScript,0,1,50
22,30,11,2719,22,0,0,11,0.5,18,0,3,HTML,1,0,120
44,10,6,3547,44,1,0.02272727273,8,0.1818181818,0,3,11,Java,1,1,78
21,6,8,2458,21,0,0,0,0,12,0,5,Java,0,1,60
28,27,0,4508,28,94,3.357142857,92,3.285714286,127,0,5,HTML,0,1,0
15,9,18,3333,15,1,0.06666666667,1,0.06666666667,1,0,9,Python,1,0,58
57,24,18,1144,57,65,1.140350877,18,0.3157894737,2,3,12,JavaScript,1,1,132
13,8,1,924,13,1,0.07692307692,0,0,0,0,7,HTML,0,1,56
39,24,7,1694,39,1,0.02564102564,2,0.05128205128,1,0,12,Java,0,1,109
16,11,13,2177,16,0,0,0,0,0,0,6,Python,0,0,77
30,9,0,3660,30,18,0.6,22,0.7333333333,5,0,6,Java,0,1,82
16,7,29,3190,16,1,0.0625,1,0.0625,0,1,5,Shell,1,1,63
25,11,9,1008,25,1,0.04,0,0,1,3,7,TypeScript,0,0,95
72,12,25,947,72,0,0,4,0.05555555556,2,2,16,Jupyter Notebook,1,0,97
40,9,7,3937,40,11,0.275,6,0.15,0,0,14,PHP,0,0,81
23,9,11,1326,23,6,0.2608695652,2,0.08695652174,4,0,11,Java,0,0,83
13,15,15,2157,13,3,0.2307692308,0,0,11,0,6,JavaScript,0,0,67
31,7,4,2417,31,0,0,0,0,0,0,5,Java,0,1,79
22,7,1,1164,22,2,0.09090909091,0,0,0,3,5,JavaScript,0,1,63
31,7,5,1219,31,30,0.9677419355,5,0.1612903226,11,4,5,JavaScript,0,1,84
13,10,19,2392,13,0,0,1,0.07692307692,0,0,3,Java,0,1,77
81,15,5,3876,81,72,0.8888888889,46,0.5679012346,4,0,12,Python,0,1,121
58,27,2,3380,58,5,0.08620689655,5,0.08620689655,32,0,11,Java,0,0,133
13,6,4,916,13,22,1.692307692,0,0,0,1,6,HTML,0,0,47
46,20,3,3367,46,6,0.1304347826,2,0.04347826087,0,0,11,HTML,0,0,159
33,10,7,747,33,93,2.818181818,4,0.1212121212,1,4,9,Java,1,1,113
25,10,9,2733,25,6,0.24,4,0.16,62,1,7,Java,1,0,86
49,25,0,2518,49,29,0.5918367347,21,0.4285714286,23,2,13,HTML,0,1,124
9,10,12,1636,9,3,0.3333333333,0,0,0,0,5,Java,0,1,70
7,3,0,3222,7,10,1.428571429,25,3.571428571,10,0,4,HTML,0,1,0
7,12,15,413,7,0,0,0,0,0,4,2,Python,0,1,135
37,5,3,1797,37,5,0.1351351351,0,0,0,4,7,TypeScript,0,0,145
20,7,8,1689,20,1,0.05,0,0,1,2,8,JavaScript,1,1,65
37,8,22,1255,37,0,0,0,0,0,1,11,HTML,0,1,107
10,20,19,740,10,17,1.7,0,0,0,0,5,Java,0,0,99
6,3,0,776,6,0,0,0,0,0,0,1,HTML,0,0,31
6,13,0,1466,6,5,0.8333333333,5,0.8333333333,0,2,2,Dockerfile,0,1,26
8,13,27,1573,8,0,0,0,0,0,0,4,CSS,0,0,76
87,26,19,1618,87,57,0.6551724138,21,0.2413793103,3,9,6,Python,0,1,145
74,25,11,2684,74,14,0.1891891892,11,0.1486486486,43,0,9,Java,1,1,140
42,23,20,1415,42,77,1.833333333,9,0.2142857143,3,15,10,Python,1,1,133
70,6,3,1687,70,2,0.02857142857,1,0.01428571429,0,1,10,TypeScript,0,0,78
46,12,12,2698,46,9,0.1956521739,3,0.0652173913,62,1,9,Python,0,1,107
47,10,8,964,47,2,0.04255319149,1,0.02127659574,0,14,10,Python,0,0,87
35,25,26,717,35,29,0.8285714286,3,0.08571428571,1,8,9,JavaScript,1,1,117
34,4,6,1016,34,7,0.2058823529,1,0.02941176471,0,9,4,Java,0,0,66
12,58,0,3470,12,26,2.166666667,14,1.166666667,0,2,3,TeX,1,1,148
28,13,25,777,28,3,0.1071428571,0,0,0,14,5,JavaScript,1,0,102
37,47,33,1096,37,35,0.9459459459,0,0,0,6,9,Python,1,1,151
8,18,19,731,8,25,3.125,1,0.125,0,0,3,HTML,1,0,99
33,6,7,1709,33,1,0.0303030303,3,0.09090909091,0,0,8,JavaScript,0,1,92
12,4,6,984,12,2,0.1666666667,1,0.08333333333,0,1,5,Dart,0,0,39
0,12,0,889,0,0,0,0,0,0,0,0,None,0,0,0
24,12,8,1051,24,23,0.9583333333,1,0.04166666667,0,3,9,HTML,1,0,87
9,13,15,1622,9,0,0,0,0,0,2,5,Java,1,0,78
16,7,6,700,16,8,0.5,0,0,0,8,6,JavaScript,0,0,66
19,11,17,820,19,0,0,0,0,1,1,5,HTML,0,1,101
32,7,8,836,32,1,0.03125,0,0,16,5,10,Java,1,0,89
17,12,11,688,17,9,0.5294117647,2,0.1176470588,0,0,4,HTML,1,1,63
25,17,0,1720,25,1,0.04,3,0.12,9,19,7,Blade,0,1,119
7,9,4,1524,7,1,0.1428571429,0,0,0,1,2,JavaScript,0,0,56
13,9,14,2896,13,0,0,4,0.3076923077,1,0,5,Java,1,1,82
13,10,5,778,13,0,0,1,0.07692307692,0,0,5,Kotlin,0,1,98
30,3,2,2084,30,1,0.03333333333,10,0.3333333333,0,1,6,JavaScript,1,0,28
2,8,0,313,2,0,0,0,0,0,2,1,HTML,0,1,47
9,11,3,982,9,1,0.1111111111,1,0.1111111111,0,1,4,Java,0,0,87
5,15,0,2579,5,6,1.2,1,0.2,0,0,3,HTML,0,1,80
17,9,1,2144,17,0,0,6,0.3529411765,0,3,7,TypeScript,0,1,72
25,7,15,3390,25,8,0.32,2,0.08,0,1,4,C#,1,1,78
19,12,12,685,19,1,0.05263157895,0,0,0,1,4,JavaScript,0,0,99
42,4,9,2493,42,1,0.02380952381,1,0.02380952381,83,3,4,JavaScript,1,0,77
26,24,7,1680,26,41,1.576923077,92,3.538461538,29,2,7,JavaScript,1,1,114
25,6,14,1143,25,28,1.12,2,0.08,1,1,5,Java,1,0,86
2,15,17,1088,2,3,1.5,1,0.5,0,0,2,PHP,0,0,58
51,26,31,1613,51,39,0.7647058824,1,0.01960784314,4,0,9,Java,1,1,132
39,10,9,1185,39,5,0.1282051282,0,0,6,7,12,C#,0,1,124
30,6,5,2040,30,0,0,0,0,1,0,8,Java,0,0,94
17,5,30,3231,17,0,0,0,0,1,0,4,Java,1,1,45
24,5,7,411,24,0,0,0,0,1,10,10,Java,1,0,63
9,7,21,1211,9,1,0.1111111111,0,0,0,2,5,Python,1,0,57
23,18,45,157,23,1,0.04347826087,0,0,0,16,3,HTML,0,1,118
11,8,14,2910,11,9,0.8181818182,3,0.2727272727,0,3,4,Java,1,1,85
19,3,8,2910,19,8,0.4210526316,2,0.1052631579,2,0,5,Java,1,1,130
22,7,13,1224,22,0,0,0,0,0,0,6,JavaScript,0,1,94
23,38,37,1910,23,1,0.04347826087,0,0,0,1,4,HTML,1,1,150
37,15,5,2446,37,19,0.5135135135,22,0.5945945946,1,0,9,PHP,1,1,119
18,7,15,1858,18,0,0,0,0,0,0,4,Java,0,0,101
91,13,12,2726,91,3,0.03296703297,3,0.03296703297,8,5,9,JavaScript,1,1,150
46,10,6,2252,46,33,0.7173913043,3,0.0652173913,1,9,9,Ballerina,0,0,127
11,4,5,779,11,1,0.09090909091,0,0,2,3,3,TypeScript,0,0,53
11,3,0,2662,11,2,0.1818181818,5,0.4545454545,0,0,4,C++,0,0,0
40,4,3,1251,40,0,0,0,0,0,1,9,Jupyter Notebook,1,0,89
23,14,22,2231,23,26,1.130434783,4,0.1739130435,6,0,5,HTML,0,0,134
8,11,16,324,8,0,0,0,0,6,5,4,PHP,1,0,100
10,7,8,751,10,0,0,0,0,0,0,4,Jupyter Notebook,0,0,56
28,48,55,753,28,22,0.7857142857,0,0,2,1,7,Java,1,0,152
27,3,1,3527,27,1,0.03703703704,1,0.03703703704,45,6,7,Java,0,1,48
16,4,5,790,16,18,1.125,0,0,0,3,2,Java,1,0,69
62,19,39,3195,62,5,0.08064516129,3,0.04838709677,2,0,9,HTML,1,1,155
10,6,8,1045,10,0,0,0,0,1,1,3,JavaScript,0,0,58
45,17,25,1918,45,8,0.1777777778,4,0.08888888889,0,0,10,Python,1,1,149
7,3,0,3580,7,8,1.142857143,5,0.7142857143,0,0,4,Python,0,1,27
55,47,39,1093,55,6,0.1090909091,3,0.05454545455,3,2,11,JavaScript,0,0,156
3,3,9,1685,3,0,0,0,0,0,1,1,Python,0,0,10
28,19,23,817,28,14,0.5,2,0.07142857143,1,9,11,TypeScript,0,1,129
7,7,5,950,7,0,0,0,0,0,0,3,JavaScript,0,1,58
33,9,7,1819,33,1,0.0303030303,2,0.06060606061,4,0,10,Go,1,0,128
9,8,8,686,9,0,0,0,0,0,4,3,JavaScript,1,0,91
19,5,7,672,19,1,0.05263157895,0,0,0,4,5,Java,0,1,92
13,4,7,650,13,2,0.1538461538,0,0,0,0,4,HTML,0,0,69
14,10,15,1834,14,0,0,0,0,0,2,6,Swift,0,0,99
15,20,27,1264,15,6,0.4,2,0.1333333333,2,1,6,HTML,1,0,111
85,5,6,2176,85,3,0.03529411765,6,0.07058823529,5,8,15,JavaScript,1,1,118
1,20,0,834,1,43,43,144,144,5,1,1,Python,0,1,61
73,13,11,2257,73,45,0.6164383562,46,0.6301369863,2,0,8,JavaScript,0,1,141
55,20,60,2237,55,43,0.7818181818,1,0.01818181818,0,0,7,HTML,1,1,153
29,4,5,1319,29,0,0,1,0.03448275862,0,3,6,HTML,0,0,151
10,19,45,648,10,1,0.1,0,0,0,6,4,Java,0,0,118
29,8,5,1663,29,8,0.275862069,0,0,2,8,6,JavaScript,0,0,92
26,19,20,1369,26,0,0,2,0.07692307692,0,1,4,Java,1,0,132
28,11,7,2128,28,8,0.2857142857,0,0,4,0,6,Java,1,0,128
11,9,0,1713,11,19,1.727272727,0,0,0,1,5,Python,0,1,67
12,10,20,1053,12,1,0.08333333333,0,0,0,1,5,Dart,0,0,66
7,87,104,510,7,15,2.142857143,0,0,0,2,5,C++,1,0,158
2,12,13,1612,2,0,0,0,0,0,0,2,JavaScript,0,0,68
9,6,12,1456,9,1,0.1111111111,0,0,0,1,4,TypeScript,1,1,65
25,18,22,523,25,58,2.32,3,0.12,0,6,8,JavaScript,0,1,145
23,42,47,1949,23,1,0.04347826087,0,0,4,0,8,Java,0,1,151
21,33,50,1060,21,147,7,57,2.714285714,18,4,5,Python,0,1,150
15,12,17,909,15,7,0.4666666667,2,0.1333333333,0,1,7,Verilog,1,0,127
14,4,1,3171,14,3,0.2142857143,0,0,7,0,4,JavaScript,1,1,49
13,2,4,1421,13,11,0.8461538462,0,0,0,0,5,HTML,0,1,66
17,4,5,1033,17,0,0,2,0.1176470588,1,1,5,JavaScript,0,1,69
11,6,1,1379,11,1,0.09090909091,3,0.2727272727,0,1,4,C++,1,0,98
11,10,12,1489,11,36,3.272727273,3,0.2727272727,0,1,5,HTML,0,0,108
7,70,0,1285,7,2,0.2857142857,0,0,7,0,2,HTML,0,1,149
26,4,3,1173,26,3,0.1153846154,1,0.03846153846,0,0,5,HTML,0,0,60
68,4,9,1631,68,19,0.2794117647,2,0.02941176471,0,0,8,JavaScript,0,0,100
8,8,10,625,8,0,0,0,0,0,6,3,Python,0,0,93
18,15,16,2016,18,12,0.6666666667,7,0.3888888889,1,1,7,HTML,1,1,160
16,4,4,1002,16,14,0.875,0,0,0,12,5,JavaScript,1,1,82
15,3,1,1767,15,0,0,0,0,0,0,3,Python,1,0,68
6,4,8,2523,6,0,0,0,0,0,0,1,PHP,1,0,45
24,4,3,2690,24,2,0.08333333333,0,0,0,0,6,JavaScript,1,0,97
5,9,10,1002,5,4,0.8,0,0,0,3,3,JavaScript,0,0,61
33,7,2,567,33,18,0.5454545455,3,0.09090909091,7,1,12,JavaScript,1,1,109
18,8,12,1561,18,1,0.05555555556,1,0.05555555556,0,0,6,JavaScript,0,1,77
11,4,3,2403,11,0,0,0,0,0,0,1,Jupyter Notebook,1,0,78
20,4,7,942,20,0,0,0,0,1,7,9,Java,0,0,83
36,12,27,807,36,6,0.1666666667,4,0.1111111111,1,9,7,JavaScript,1,1,143
15,3,8,2106,15,1,0.06666666667,0,0,1,1,7,Java,1,1,51
12,7,4,1707,12,2,0.1666666667,0,0,2,3,4,HTML,1,0,91
5,2,2,2174,5,0,0,0,0,0,2,3,HTML,1,1,0
30,24,14,2019,30,22,0.7333333333,12,0.4,3,0,5,CSS,1,1,151
13,5,14,2167,13,3,0.2307692308,0,0,2,2,2,PHP,0,0,74
15,20,15,1788,15,4,0.2666666667,2,0.1333333333,0,1,4,Jupyter Notebook,1,1,110
0,3,0,188,0,0,0,0,0,0,0,0,None,0,0,123
23,15,5,4526,23,5,0.2173913043,5,0.2173913043,10,0,9,JavaScript,1,1,131
10,16,0,517,10,1,0.1,1,0.1,0,1,2,JavaScript,0,0,126
10,18,23,650,10,6,0.6,3,0.3,0,3,5,JavaScript,1,0,139
8,8,5,1624,8,1,0.125,0,0,0,0,2,Java,0,0,102
11,16,14,616,11,1,0.09090909091,3,0.2727272727,0,2,4,Python,0,0,139
6,5,2,685,6,1,0.1666666667,3,0.5,0,0,3,Jupyter Notebook,0,0,73
26,11,5,1283,26,9,0.3461538462,0,0,0,0,7,JavaScript,1,1,157
12,3,2,783,12,0,0,0,0,0,0,4,Python,0,0,52
31,5,8,2686,31,0,0,0,0,0,0,7,Java,0,0,105
13,9,11,1655,13,0,0,9,0.6923076923,7,0,3,JavaScript,1,1,101
43,1,1,1760,43,6,0.1395348837,3,0.06976744186,0,1,5,JavaScript,0,1,28
15,9,10,2896,15,9,0.6,5,0.3333333333,0,0,5,Java,0,1,110
6,7,9,915,6,0,0,0,0,1,4,2,TypeScript,0,0,83
28,7,7,932,28,4,0.1428571429,2,0.07142857143,0,4,8,Jupyter Notebook,0,0,126
11,5,5,1788,11,2,0.1818181818,0,0,0,0,2,Jupyter Notebook,1,1,100
25,8,22,1640,25,5,0.2,1,0.04,0,0,7,HTML,1,1,106
25,7,2,1280,25,6,0.24,0,0,0,0,7,Java,0,1,112
21,5,6,3196,21,5,0.2380952381,0,0,62,0,9,HTML,1,0,90
21,10,14,1632,21,1,0.04761904762,0,0,1,1,5,HTML,1,0,106
43,11,23,1566,43,28,0.6511627907,0,0,1,4,3,Jupyter Notebook,0,1,145
60,1,2,2337,60,1,0.01666666667,0,0,0,0,9,Java,0,1,36
42,10,13,3032,42,4,0.09523809524,0,0,45,0,9,JavaScript,1,0,149
58,5,0,512,58,1,0.01724137931,0,0,0,13,11,JavaScript,0,1,113
13,8,10,647,13,16,1.230769231,0,0,1,7,5,JavaScript,0,0,86
20,5,4,3314,20,2,0.1,2,0.1,73,0,8,Java,1,0,91
15,11,19,1594,15,0,0,0,0,0,2,5,CSS,1,0,105
119,0,9,2634,100,17,0.17,0,0,2,6,6,JavaScript,1,0,52
5,6,6,3292,5,0,0,1,0.2,0,0,2,Java,0,0,83
14,10,10,1215,14,0,0,2,0.1428571429,1,0,5,Jupyter Notebook,1,1,113
9,10,18,1257,9,3,0.3333333333,0,0,3,0,4,Python,0,0,88
13,7,14,1117,13,10,0.7692307692,0,0,0,6,5,HTML,1,0,98
8,8,6,2782,8,13,1.625,3,0.375,0,0,4,Java,1,0,110
18,22,31,779,18,15,0.8333333333,0,0,0,2,4,JavaScript,0,1,157
12,6,3,2726,12,7,0.5833333333,0,0,0,0,5,C#,0,0,89
17,13,10,1797,17,15,0.8823529412,2,0.1176470588,2,1,6,Python,0,1,128
15,4,6,290,15,2,0.1333333333,0,0,0,6,3,HTML,0,0,78
26,15,11,1618,26,3,0.1153846154,5,0.1923076923,0,0,7,Dart,0,0,160
28,10,13,699,28,5,0.1785714286,0,0,0,6,8,JavaScript,0,0,105
8,7,5,3127,8,0,0,1,0.125,0,0,6,JavaScript,0,0,87
28,6,9,2469,28,7,0.25,1,0.03571428571,2,0,9,HTML,1,0,121
14,12,47,735,14,4,0.2857142857,0,0,0,1,3,Java,0,0,152
49,3,2,2438,49,1,0.02040816327,5,0.1020408163,3,4,8,JavaScript,1,0,110
39,13,32,1914,39,28,0.7179487179,37,0.9487179487,9,2,7,Java,1,1,144
24,4,6,757,24,23,0.9583333333,2,0.08333333333,1,4,8,JavaScript,0,1,92
3,5,0,924,3,1,0.3333333333,2,0.6666666667,0,0,2,JavaScript,0,1,55
6,4,4,1619,6,0,0,0,0,0,0,3,HTML,0,0,57
13,5,13,735,13,1,0.07692307692,0,0,2,3,5,TypeScript,0,1,87
17,0,0,20,17,11,0.6470588235,39,2.294117647,59,1,4,Python,0,1,0
26,3,3,2296,26,1,0.03846153846,0,0,150,0,13,Java,0,0,86
18,2,6,3196,18,0,0,0,0,11,0,6,PHP,1,1,123
25,8,13,1017,25,0,0,6,0.24,2,3,10,Verilog,0,0,125
39,10,15,1076,39,0,0,0,0,20,2,6,Jupyter Notebook,1,0,153
2,7,7,1048,2,0,0,0,0,0,0,0,None,0,0,53
55,9,8,3376,55,1,0.01818181818,3,0.05454545455,5,0,10,HTML,1,0,157
34,5,5,1189,34,0,0,0,0,0,0,8,C++,0,0,123
10,14,21,216,10,1,0.1,0,0,0,2,2,Java,0,0,115
21,15,18,990,21,6,0.2857142857,5,0.2380952381,2,6,6,TypeScript,0,0,137
13,8,0,387,13,12,0.9230769231,0,0,0,0,7,JavaScript,1,1,94
11,8,8,756,11,0,0,0,0,0,4,5,JavaScript,0,0,92
7,6,11,2198,7,10,1.428571429,0,0,0,0,2,TypeScript,0,1,76
24,6,6,712,24,6,0.25,1,0.04166666667,3,9,7,JavaScript,0,0,105
43,16,15,1511,43,9,0.2093023256,10,0.2325581395,10,1,9,JavaScript,0,0,144
29,10,10,460,29,7,0.2413793103,0,0,17,12,5,JavaScript,1,1,148
45,7,11,2723,45,16,0.3555555556,20,0.4444444444,134,1,6,JavaScript,1,1,142
16,17,14,672,16,0,0,0,0,0,1,3,JavaScript,0,0,130
38,8,4,1708,38,44,1.157894737,1,0.02631578947,0,2,7,Python,1,0,139
0,2,0,333,0,0,0,0,0,0,0,0,None,0,1,0
18,4,11,4470,18,1,0.05555555556,0,0,3,0,8,CSS,1,1,148
4,6,11,522,4,1,0.25,0,0,0,0,2,HTML,0,0,93
9,13,25,2170,9,0,0,0,0,0,0,4,Jupyter Notebook,0,0,107
19,16,21,670,19,1,0.05263157895,0,0,0,2,1,Python,0,0,147
29,5,8,1291,29,0,0,0,0,1,0,8,JavaScript,1,0,113
3,7,0,694,3,0,0,0,0,0,0,0,None,0,1,61
21,2,5,1454,21,0,0,0,0,10,2,4,JavaScript,1,0,73
15,6,7,700,15,0,0,0,0,0,5,6,JavaScript,1,0,105
20,6,7,2302,20,62,3.1,20,1,6,0,4,Dockerfile,0,1,101
4,1,0,240,4,0,0,0,0,0,0,3,JavaScript,0,0,27
6,7,7,431,6,0,0,0,0,0,3,3,Kotlin,0,0,80
16,9,16,1806,16,2,0.125,0,0,0,0,6,CSS,1,0,119
37,4,5,644,37,10,0.2702702703,4,0.1081081081,1,3,6,JavaScript,0,1,82
8,6,2,3937,8,2,0.25,3,0.375,1,0,4,PHP,1,1,97
23,2,2,2410,23,0,0,2,0.08695652174,6,3,5,C#,1,1,71
1,2,0,1040,1,0,0,0,0,0,0,0,None,0,0,0
21,5,10,1593,21,3,0.1428571429,0,0,1,6,5,JavaScript,1,1,88
36,3,3,1657,36,0,0,2,0.05555555556,0,1,9,JavaScript,1,1,61
20,4,5,347,20,1,0.05,0,0,0,6,7,Jupyter Notebook,0,1,90
13,21,16,563,13,3,0.2307692308,1,0.07692307692,0,0,4,JavaScript,0,1,136
57,4,3,1281,57,15,0.2631578947,1,0.01754385965,7,1,15,HTML,1,1,119
23,10,0,4121,23,14,0.6086956522,6,0.2608695652,9,0,3,PHP,0,1,132
7,1,0,386,7,0,0,0,0,0,1,1,HTML,0,1,118
8,4,2,940,8,1,0.125,0,0,0,0,6,JavaScript,0,1,70
8,3,0,1217,8,0,0,0,0,0,0,3,Python,0,0,57
11,6,8,700,11,1,0.09090909091,0,0,0,0,5,JavaScript,1,0,117
25,11,0,4214,25,3,0.12,1,0.04,1,5,4,Jupyter Notebook,1,1,138
1,13,0,966,1,1,1,0,0,0,0,1,JavaScript,0,1,67
8,4,3,452,8,4,0.5,0,0,0,4,4,JavaScript,0,0,61
64,11,26,2181,64,2,0.03125,0,0,0,1,14,TypeScript,1,0,150
6,0,0,1077,6,0,0,0,0,0,1,4,PHP,0,0,84
7,2,0,3599,7,2,0.2857142857,2,0.2857142857,0,0,3,PHP,0,1,78
7,3,0,872,7,0,0,0,0,1,1,5,JavaScript,0,0,62
34,8,14,1359,34,23,0.6764705882,6,0.1764705882,0,7,11,Jupyter Notebook,1,0,147
21,0,0,1025,21,0,0,1,0.04761904762,0,0,1,JavaScript,0,0,23
4,8,8,263,4,7,1.75,0,0,1,1,3,Java,0,0,69
4,22,0,2034,4,73,18.25,24,6,15,0,1,JavaScript,0,1,141
15,7,10,740,15,1,0.06666666667,0,0,0,3,4,JavaScript,0,0,113
12,3,1,815,12,5,0.4166666667,1,0.08333333333,0,0,3,Java,0,0,67
28,14,5,1660,28,57,2.035714286,65,2.321428571,3,1,2,Python,1,1,107
16,8,5,725,16,4,0.25,4,0.25,0,0,5,Java,0,0,128
15,5,0,3060,15,65,4.333333333,240,16,264,0,5,Java,0,0,84
22,2,1,1075,22,1,0.04545454545,4,0.1818181818,0,2,6,JavaScript,0,0,67
52,2,0,1645,52,5,0.09615384615,1,0.01923076923,1,0,16,Python,1,0,91
29,8,17,2196,29,11,0.3793103448,0,0,0,0,3,TypeScript,0,0,143
16,13,14,487,16,1,0.0625,6,0.375,0,7,6,TypeScript,0,1,156
63,2,2,3126,63,0,0,3,0.04761904762,127,1,13,Python,0,0,98
5,4,5,513,5,6,1.2,0,0,0,0,3,HTML,0,0,75
9,4,4,554,9,0,0,1,0.1111111111,0,1,3,Java,0,1,66
27,5,0,2308,27,0,0,15,0.5555555556,7,0,6,HTML,1,0,118
10,4,11,1643,10,0,0,0,0,0,9,3,JavaScript,1,0,87
11,5,1,629,11,0,0,0,0,2,1,6,JavaScript,0,0,101
27,19,0,522,27,0,0,4,0.1481481481,5,5,6,HTML,0,1,158
18,9,1,1077,18,17,0.9444444444,0,0,0,5,8,CSS,1,1,136
14,4,6,1247,14,1,0.07142857143,0,0,0,0,2,HTML,1,1,59
12,5,5,1236,12,4,0.3333333333,1,0.08333333333,0,5,5,TypeScript,1,0,107
6,7,8,745,6,3,0.5,0,0,1,3,4,HTML,0,0,98
75,5,1,1685,75,4,0.05333333333,1,0.01333333333,2,1,8,JavaScript,0,1,146
14,4,18,1299,14,0,0,1,0.07142857143,0,1,8,TypeScript,1,0,87
10,7,8,1718,10,3,0.3,2,0.2,0,0,2,JavaScript,0,0,86
8,3,1,524,8,17,2.125,1,0.125,1,0,5,Java,1,0,66
15,4,1,1431,15,5,0.3333333333,1,0.06666666667,0,1,2,Python,1,1,62
11,0,0,2676,11,1,0.09090909091,0,0,177,0,5,PHP,0,1,37
49,3,1,2752,49,0,0,0,0,2,0,3,TypeScript,1,1,92
47,6,8,3108,47,2,0.04255319149,1,0.02127659574,39,3,7,JavaScript,1,1,122
8,24,26,1494,8,1,0.125,1,0.125,1,0,4,Java,0,0,108
1,6,0,105,1,0,0,0,0,0,1,1,Python,0,1,41
31,2,0,1079,31,3,0.09677419355,1,0.03225806452,1,3,9,JavaScript,1,0,93
12,12,12,1301,12,2,0.1666666667,1,0.08333333333,0,1,5,Jupyter Notebook,0,0,159
14,8,3,3132,14,0,0,1,0.07142857143,1,0,7,JavaScript,1,0,125
21,4,5,1624,21,0,0,0,0,0,0,4,HTML,0,0,104
31,16,17,1685,31,4,0.1290322581,3,0.09677419355,0,0,7,JavaScript,0,1,154
21,9,12,938,21,0,0,4,0.1904761905,0,1,6,JavaScript,0,0,128
37,3,23,2161,37,9,0.2432432432,0,0,0,5,6,HTML,0,1,71
51,5,11,1476,51,7,0.137254902,3,0.05882352941,1,2,8,JavaScript,1,1,148
12,12,15,914,12,0,0,0,0,0,3,5,Java,0,0,158
8,4,3,1863,8,2,0.25,0,0,0,0,4,Java,0,0,96
6,5,1,2412,6,2,0.3333333333,1,0.1666666667,1,0,2,TypeScript,1,1,79
17,6,14,1598,17,32,1.882352941,0,0,0,0,4,CSS,0,0,106
12,3,11,1808,12,1,0.08333333333,0,0,0,1,5,HTML,1,0,82
15,9,7,2102,15,0,0,0,0,0,6,6,Python,0,0,144
10,5,17,1353,10,5,0.5,2,0.2,0,0,3,HTML,0,1,98
5,9,0,440,5,0,0,0,0,0,2,2,Python,0,1,121
4,3,4,1232,4,0,0,0,0,0,0,2,Java,0,0,51
60,5,0,1652,60,3,0.05,4,0.06666666667,6,2,10,Java,1,1,132
10,14,22,1621,10,2,0.2,5,0.5,0,0,3,HTML,0,0,158
12,8,8,578,12,9,0.75,1,0.08333333333,1,4,5,Python,1,0,149
1,9,0,242,1,0,0,0,0,0,1,0,None,0,0,0
17,5,1,757,17,1,0.05882352941,0,0,0,1,5,Jupyter Notebook,0,0,126
15,3,3,2389,15,5,0.3333333333,1,0.06666666667,3,0,2,Java,1,0,96
14,4,7,828,14,0,0,1,0.07142857143,0,1,4,Java,1,0,96
9,7,8,1198,9,10,1.111111111,0,0,0,1,3,JavaScript,0,1,102
4,8,8,494,4,2,0.5,1,0.25,1,1,2,TypeScript,0,0,124
33,5,3,2559,33,14,0.4242424242,12,0.3636363636,0,0,10,Jupyter Notebook,1,0,148
3,1,0,1359,3,0,0,0,0,0,0,1,Ruby,0,0,0
41,6,5,660,41,1,0.0243902439,0,0,0,2,5,JavaScript,0,0,148
27,3,5,655,27,1,0.03703703704,3,0.1111111111,1,2,10,Python,0,0,119
10,11,20,854,10,0,0,0,0,0,2,5,Python,1,0,141
6,5,9,1312,6,17,2.833333333,4,0.6666666667,1,0,5,Java,0,1,86
13,2,5,864,13,1,0.07692307692,3,0.2307692308,1,1,3,Python,0,1,59
10,4,10,461,10,0,0,0,0,0,0,5,Kotlin,0,0,103
17,12,6,1692,17,6,0.3529411765,3,0.1764705882,0,0,7,Python,0,1,150
21,8,4,997,21,23,1.095238095,0,0,1,4,8,JavaScript,0,1,146
43,5,2,666,43,19,0.4418604651,0,0,0,13,8,JavaScript,1,1,147
32,0,1,1547,32,1,0.03125,2,0.0625,0,0,2,Python,1,0,28
1,30,0,1935,1,0,0,0,0,0,0,1,PHP,0,1,126
5,5,6,739,5,0,0,3,0.6,0,1,3,C,0,0,100
9,3,0,2125,9,9,1,3,0.3333333333,2,0,4,Python,0,1,81
19,7,6,738,19,1,0.05263157895,0,0,0,1,6,JavaScript,0,0,141
5,15,30,227,5,1,0.2,0,0,0,1,1,Python,1,1,142
17,9,2,515,17,0,0,0,0,0,8,5,Jupyter Notebook,0,1,136
21,7,2,2221,21,3,0.1428571429,0,0,0,0,6,JavaScript,0,1,104
0,5,0,303,0,0,0,0,0,0,0,0,None,0,1,39
0,30,0,1384,0,0,0,0,0,0,0,0,None,0,1,146
23,14,12,613,23,6,0.2608695652,7,0.3043478261,0,4,8,Java,0,0,159
14,7,35,2244,14,10,0.7142857143,0,0,0,0,1,CSS,1,1,123
13,4,4,2580,13,1,0.07692307692,0,0,2,0,6,Python,0,0,114
11,8,12,2618,11,0,0,0,0,0,0,1,HTML,0,0,145
4,3,0,1468,4,2,0.5,5,1.25,0,0,2,Python,0,0,37
10,7,7,1431,10,0,0,1,0.1,0,3,4,Verilog,1,0,159
6,4,17,635,6,1,0.1666666667,0,0,0,6,4,HTML,0,0,77
15,5,4,1095,15,5,0.3333333333,0,0,0,0,4,JavaScript,0,0,141
21,5,6,1053,21,0,0,2,0.09523809524,0,1,4,JavaScript,1,1,157
16,6,5,1224,16,4,0.25,0,0,0,2,5,Jupyter Notebook,0,0,152
7,2,1,1384,7,0,0,0,0,0,0,2,Python,1,0,38
3,4,0,108,3,0,0,0,0,0,3,1,JavaScript,0,0,45
32,7,11,1877,32,2,0.0625,2,0.0625,3,7,10,HTML,0,1,157
48,10,34,1945,48,40,0.8333333333,1,0.02083333333,0,1,9,Java,1,1,138
12,4,0,1495,12,2,0.1666666667,8,0.6666666667,0,0,6,HTML,0,1,102
84,3,1,2132,84,6,0.07142857143,2,0.02380952381,0,0,11,JavaScript,0,1,118
0,5,0,2348,0,0,0,0,0,0,0,0,None,0,1,45
0,5,0,2910,0,0,0,0,0,0,0,0,None,0,1,47
9,11,4,2290,9,6,0.6666666667,0,0,0,0,3,HTML,0,0,152
5,5,6,274,5,6,1.2,0,0,0,4,2,JavaScript,0,0,90
7,14,30,1079,7,3,0.4285714286,1,0.1428571429,0,0,2,Java,0,0,153
12,5,8,777,12,0,0,0,0,2,0,5,JavaScript,0,0,111
40,4,9,3626,40,33,0.825,0,0,0,0,14,JavaScript,1,0,112
0,4,0,498,0,0,0,0,0,0,0,0,None,0,0,0
24,0,0,2157,24,13,0.5416666667,0,0,0,0,6,C#,0,0,26
8,8,8,1080,8,4,0.5,0,0,0,1,2,HTML,0,0,107
15,7,7,460,15,7,0.4666666667,0,0,0,4,6,HTML,0,0,144
100,5,0,3541,100,11,0.11,12,0.12,1,0,9,Java,1,1,155
19,6,2,492,19,5,0.2631578947,3,0.1578947368,0,3,6,CSS,0,0,132
8,11,11,621,8,0,0,0,0,0,0,2,JavaScript,1,1,144
30,1,1,3130,30,0,0,4,0.1333333333,77,0,7,Java,0,0,67
22,2,0,2248,22,32,1.454545455,13,0.5909090909,1,0,8,JavaScript,0,1,93
26,2,1,1956,26,1,0.03846153846,1,0.03846153846,3,0,10,JavaScript,1,1,150
19,0,5,2401,19,2,0.1052631579,0,0,0,0,2,HTML,1,0,128
14,0,1,2394,14,0,0,0,0,0,0,1,Java,0,0,103
10,9,7,545,10,0,0,0,0,0,0,3,HTML,0,0,148
33,5,5,2045,33,0,0,0,0,0,0,6,JavaScript,1,1,136
13,9,11,1209,13,1,0.07692307692,0,0,0,0,4,Java,0,0,151
59,5,2,2229,59,1,0.01694915254,4,0.06779661017,0,0,9,Java,1,1,148
25,2,0,1451,25,2,0.08,1,0.04,1,2,4,HTML,0,0,80
6,15,4,1095,6,0,0,0,0,0,0,1,Kotlin,0,0,149
23,6,23,1660,23,19,0.8260869565,0,0,0,0,4,JavaScript,0,1,151
53,2,8,1678,53,9,0.1698113208,12,0.2264150943,0,0,7,Dart,1,0,78
9,7,0,3909,9,3,0.3333333333,0,0,9,0,4,JavaScript,0,1,127
29,0,3,1711,29,0,0,0,0,0,2,4,HTML,0,0,50
4,7,13,448,4,1,0.25,0,0,0,2,2,Java,0,0,74
29,3,6,1417,29,2,0.06896551724,0,0,0,2,5,JavaScript,1,0,131
40,1,0,1954,40,0,0,2,0.05,0,0,8,JavaScript,1,0,54
43,4,1,227,43,37,0.8604651163,93,2.162790698,7,14,3,JavaScript,1,0,151
16,0,0,3011,16,0,0,0,0,65,1,6,PHP,1,0,47
17,3,5,1686,17,2,0.1176470588,0,0,1,0,5,Java,0,0,126
50,3,2,920,50,1,0.02,3,0.06,0,8,12,JavaScript,1,1,144
23,0,7,2039,23,0,0,0,0,0,0,4,Java,0,0,60
9,7,6,854,9,1,0.1111111111,0,0,0,0,4,Java,0,0,144
40,4,9,422,40,3,0.075,5,0.125,1,9,9,JavaScript,1,0,144
112,2,1,2936,100,0,0,1,0.01,2,11,7,Java,1,1,139
13,6,4,1626,13,7,0.5384615385,2,0.1538461538,2,2,5,Python,0,0,107
43,0,0,1449,43,0,0,0,0,0,0,7,Java,0,1,66
30,8,10,762,30,2,0.06666666667,0,0,0,0,3,Java,1,0,141
0,17,0,237,0,0,0,0,0,0,0,0,None,0,1,104
10,0,1,1187,10,1,0.1,0,0,0,0,1,HTML,0,0,30
14,4,0,2636,14,3,0.2142857143,2,0.1428571429,0,0,6,Java,1,1,105
10,2,1,1073,10,0,0,0,0,0,0,4,JavaScript,0,0,50
2,3,0,2018,2,0,0,0,0,42,1,2,HTML,0,1,53
40,1,5,1134,40,2,0.05,0,0,0,2,7,JavaScript,0,0,69
9,7,3,992,9,0,0,0,0,1,6,2,JavaScript,1,1,146
11,8,11,1182,11,3,0.2727272727,1,0.09090909091,0,3,8,Python,1,0,143
19,3,5,1398,19,0,0,1,0.05263157895,0,2,8,Jupyter Notebook,1,0,115
11,2,2,1630,11,5,0.4545454545,0,0,0,0,4,JavaScript,0,0,76
11,2,0,1472,11,0,0,0,0,0,1,5,JavaScript,0,0,67
9,1,1,2163,9,1,0.1111111111,0,0,0,0,3,JavaScript,0,0,35
16,5,11,1170,16,0,0,0,0,0,0,7,HTML,0,0,132
2,1,0,795,2,1,0.5,0,0,0,0,0,None,1,1,23
8,2,1,530,8,0,0,0,0,0,3,2,HTML,0,0,75
2,7,10,2352,2,0,0,0,0,0,0,1,JavaScript,1,0,120
2,0,0,2128,2,0,0,0,0,0,0,0,None,0,0,0
11,1,0,622,11,1,0.09090909091,1,0.09090909091,0,0,1,JavaScript,0,0,27
2,0,0,2104,2,0,0,0,0,0,0,0,None,0,1,0
20,3,12,1684,20,0,0,6,0.3,4,1,5,JavaScript,0,1,139
8,5,7,1953,8,2,0.25,1,0.125,0,0,4,JavaScript,1,0,116
54,5,9,1640,54,3,0.05555555556,3,0.05555555556,1,0,8,JavaScript,1,1,150
24,4,7,1103,24,21,0.875,1,0.04166666667,3,1,8,JavaScript,0,0,145
0,4,0,538,0,0,0,0,0,0,0,0,None,0,1,37
18,0,0,776,18,14,0.7777777778,0,0,0,1,3,JavaScript,0,0,43
17,3,1,3037,17,0,0,1,0.05882352941,3,0,6,JavaScript,1,1,127
6,2,3,2135,6,8,1.333333333,0,0,0,0,2,Java,1,0,71
11,7,5,451,11,2,0.1818181818,0,0,0,4,6,JavaScript,0,0,147
4,2,2,2665,4,1,0.25,0,0,0,0,2,C#,0,0,45
16,3,2,2305,16,1,0.0625,2,0.125,1,1,4,Java,0,0,126
10,9,3,1098,10,1,0.1,1,0.1,2,0,5,JavaScript,1,0,154
16,3,2,3503,16,1,0.0625,0,0,0,0,9,Java,0,0,153
12,0,2,3505,12,0,0,0,0,0,0,5,Java,0,1,45
6,2,1,1116,6,0,0,0,0,0,0,3,Java,1,0,145
30,0,1,657,30,0,0,0,0,0,7,5,Java,0,0,81
5,5,6,593,5,0,0,0,0,0,0,3,Java,0,0,107
7,3,4,212,7,1,0.1428571429,1,0.1428571429,0,0,3,HTML,0,0,102
25,1,4,1773,25,6,0.24,1,0.04,1,0,1,Python,1,1,44
5,3,0,1540,5,6,1.2,0,0,1,0,3,HTML,0,0,78
34,6,10,794,34,2,0.05882352941,1,0.02941176471,2,1,7,Jupyter Notebook,0,1,160
19,2,3,1219,19,0,0,1,0.05263157895,0,11,9,Dart,0,1,91
15,3,3,889,15,0,0,1,0.06666666667,2,2,6,C++,1,0,125
19,1,28,1176,19,3,0.1578947368,0,0,0,4,7,Python,0,0,49
43,0,0,1031,43,1,0.02325581395,0,0,1,18,10,Java,0,0,81
15,0,0,2637,15,0,0,0,0,92,0,4,JavaScript,0,0,55
16,3,0,1620,16,2,0.125,0,0,1,0,1,HTML,0,1,110
9,4,1,721,9,0,0,0,0,0,1,2,TypeScript,0,0,85
8,2,2,696,8,2,0.25,0,0,1,8,6,JavaScript,0,0,70
9,4,7,1428,9,0,0,2,0.2222222222,0,0,1,HTML,1,0,89
6,2,1,360,6,1,0.1666666667,0,0,0,3,4,Java,0,0,68
5,5,7,660,5,0,0,0,0,0,0,2,Jupyter Notebook,0,0,130
5,3,6,367,5,0,0,0,0,0,1,2,C++,1,0,99
15,5,7,769,15,0,0,1,0.06666666667,0,2,5,Java,0,0,160
20,6,6,1460,20,2,0.1,2,0.1,0,0,6,JavaScript,0,0,160
14,8,9,360,14,3,0.2142857143,0,0,1,8,6,CSS,1,1,149
10,9,5,3898,10,0,0,1,0.1,1,0,5,Ruby,0,1,146
13,4,2,1590,13,0,0,0,0,0,0,6,Jupyter Notebook,0,1,147
21,2,3,2270,21,30,1.428571429,2,0.09523809524,1,2,6,HTML,1,1,89
5,1,0,383,5,10,2,15,3,0,0,2,JavaScript,0,1,105
40,5,14,769,40,0,0,0,0,3,5,6,Jupyter Notebook,1,1,157
4,6,5,187,4,0,0,0,0,0,0,0,None,0,0,124
7,7,10,1391,7,6,0.8571428571,0,0,0,0,4,HTML,0,0,125
14,6,13,513,14,6,0.4285714286,0,0,2,12,6,HTML,0,0,151
8,2,0,421,8,0,0,0,0,0,0,4,Python,0,0,91
8,2,5,855,8,0,0,0,0,0,2,3,JavaScript,0,0,78
5,10,12,1076,5,0,0,0,0,0,3,3,HTML,1,1,158
3,2,2,1338,3,0,0,0,0,0,1,2,Python,1,0,64
16,1,3,2185,16,0,0,1,0.0625,0,0,0,None,0,0,81
9,5,9,938,9,0,0,0,0,0,3,5,HTML,0,0,143
7,6,7,1175,7,0,0,0,0,0,0,3,Java,0,0,136
46,4,4,1226,46,1,0.02173913043,3,0.0652173913,30,9,7,TypeScript,0,1,144
29,0,1,1786,29,7,0.2413793103,2,0.06896551724,1,0,6,JavaScript,0,0,83
9,5,2,211,9,3,0.3333333333,0,0,2,3,2,C#,0,0,140
17,4,12,324,17,0,0,0,0,2,12,4,HTML,1,0,123
5,5,6,508,5,0,0,0,0,0,2,3,JavaScript,0,0,111
5,4,5,217,5,0,0,0,0,0,3,2,HTML,0,0,98
9,6,16,2055,9,5,0.5555555556,0,0,0,1,4,Java,1,1,160
2,3,2,762,2,0,0,0,0,2,0,1,PHP,0,0,65
45,6,8,3853,45,3,0.06666666667,0,0,10,1,10,PHP,1,1,156
15,2,3,979,15,0,0,0,0,1,2,4,TypeScript,0,0,100
2,7,7,1005,2,0,0,0,0,0,0,1,Dart,0,0,86
16,6,10,662,16,8,0.5,0,0,0,3,6,TypeScript,0,0,139
12,3,2,3297,12,0,0,0,0,0,0,5,Java,0,1,102
13,0,0,783,13,0,0,0,0,0,1,6,HTML,0,0,46
23,3,2,929,23,3,0.1304347826,0,0,0,4,6,Java,0,1,143
9,5,5,248,9,2,0.2222222222,2,0.2222222222,4,7,3,JavaScript,0,0,120
10,2,1,616,10,4,0.4,0,0,0,0,6,Kotlin,1,0,86
11,1,1,1601,11,0,0,0,0,0,0,3,JavaScript,0,0,43
8,9,29,2099,8,0,0,0,0,0,0,4,HTML,1,0,157
22,3,1,1522,22,1,0.04545454545,0,0,0,0,6,JavaScript,0,0,144
14,6,3,700,14,1,0.07142857143,4,0.2857142857,0,11,6,JavaScript,0,1,160
5,6,0,2454,5,10,2,10,2,1,0,2,JavaScript,0,0,120
12,2,5,2708,12,2,0.1666666667,0,0,35,1,5,JavaScript,1,0,95
25,2,4,460,25,15,0.6,2,0.08,18,17,6,JavaScript,0,0,119
7,2,0,1634,7,3,0.4285714286,0,0,0,0,3,JavaScript,0,0,72
15,4,1,1048,15,3,0.2,0,0,1,3,6,Python,0,1,149
13,4,5,1311,13,0,0,0,0,1,2,6,Java,1,0,140
8,3,1,701,8,4,0.5,0,0,0,5,3,HTML,0,0,120
26,4,6,627,26,0,0,0,0,0,13,4,Jupyter Notebook,0,0,156
8,4,8,337,8,2,0.25,1,0.125,0,5,4,Java,0,0,120
25,1,4,1881,25,0,0,0,0,0,1,8,JavaScript,0,1,85
12,1,1,1318,12,6,0.5,0,0,0,2,1,Python,1,0,47
1,2,0,1590,1,0,0,1,1,0,1,1,C#,0,0,0
12,2,19,1074,12,0,0,0,0,0,3,8,JavaScript,0,0,98
10,0,0,1885,10,3,0.3,0,0,0,3,6,TypeScript,0,0,51
10,1,0,4147,10,0,0,0,0,37,0,4,JavaScript,0,0,39
8,0,0,233,8,0,0,0,0,0,3,1,HTML,1,0,158
12,4,10,398,12,1,0.08333333333,0,0,0,5,4,JavaScript,0,0,147
0,11,0,1390,0,0,0,0,0,0,0,0,None,0,1,115
4,4,8,2749,4,0,0,2,0.5,1,0,4,Java,1,1,112
11,5,2,2697,11,2,0.1818181818,0,0,0,0,4,Java,0,1,160
26,4,4,2720,26,0,0,3,0.1153846154,0,0,5,HTML,1,0,148
0,4,0,1704,0,0,0,0,0,0,0,0,None,1,1,67
13,3,3,983,13,0,0,0,0,0,0,3,Scala,0,0,122
6,4,1,2181,6,0,0,0,0,0,0,2,HTML,0,0,98
8,3,4,1034,8,0,0,0,0,0,1,3,C#,0,0,105
16,0,2,964,16,0,0,0,0,0,2,5,C++,0,0,59
60,0,1,2720,60,0,0,0,0,2,0,5,Java,0,0,109
23,3,3,715,23,31,1.347826087,1,0.04347826087,1,5,7,JavaScript,0,1,160
7,6,2,994,7,1,0.1428571429,2,0.2857142857,1,1,2,C++,0,0,145
23,1,1,1932,23,0,0,0,0,0,0,8,Java,1,0,98
21,2,2,1273,21,9,0.4285714286,0,0,0,0,5,Java,0,1,97
11,3,9,403,11,0,0,2,0.1818181818,0,1,5,TypeScript,0,1,113
10,2,4,802,10,1,0.1,0,0,0,1,4,Kotlin,0,0,82
12,5,7,1663,12,2,0.1666666667,0,0,0,1,4,JavaScript,0,0,159
17,4,5,2126,17,2,0.1176470588,4,0.2352941176,39,2,5,JavaScript,1,1,134
9,4,6,2181,9,0,0,0,0,0,0,5,JavaScript,0,0,133
9,0,3,1542,9,0,0,0,0,0,0,3,HTML,0,0,31
22,1,2,1709,22,1,0.04545454545,0,0,0,0,7,Java,0,0,94
13,3,5,622,13,0,0,0,0,0,3,5,JavaScript,0,0,133
16,3,4,654,16,0,0,0,0,0,2,9,Java,0,0,158
21,3,3,2968,21,1,0.04761904762,8,0.380952381,78,0,6,C++,1,0,157
17,6,4,3002,17,0,0,0,0,0,0,5,C#,0,1,144
2,5,2,807,2,0,0,0,0,0,0,1,CSS,0,0,102
4,3,3,3179,4,0,0,0,0,2,0,2,CSS,0,0,98
2,14,0,304,2,61,30.5,339,169.5,11,0,2,HTML,0,1,147
7,0,0,4796,7,1,0.1428571429,1,0.1428571429,6,0,2,TypeScript,1,1,27
18,4,1,786,18,6,0.3333333333,0,0,1,2,5,Dart,1,0,157
13,5,2,1736,13,1,0.07692307692,0,0,0,1,5,JavaScript,0,1,160
8,5,3,358,8,16,2,0,0,0,8,6,HTML,0,1,160
4,2,0,305,4,0,0,1,0.25,0,0,3,Python,0,1,59
24,2,0,622,24,32,1.333333333,5,0.2083333333,2,7,5,JavaScript,0,0,132
6,8,7,1354,6,0,0,0,0,0,1,4,Kotlin,1,0,147
23,6,4,1843,23,1,0.04347826087,1,0.04347826087,1,1,8,Java,0,0,128
14,1,1,1184,14,1,0.07142857143,0,0,0,3,6,Java,0,0,105
1,5,3,732,1,0,0,0,0,0,0,1,Java,0,0,94
18,4,6,1468,18,1,0.05555555556,0,0,0,0,5,Jupyter Notebook,0,0,157
2,3,10,778,2,0,0,0,0,0,0,1,Java,0,0,89
51,1,5,2221,51,0,0,0,0,22,4,7,Python,1,1,112
15,6,5,1753,15,7,0.4666666667,0,0,0,0,4,JavaScript,0,1,131
10,0,4,4245,10,0,0,0,0,0,1,3,PHP,1,1,60
4,2,0,620,4,1,0.25,0,0,1,0,2,Java,0,0,77
10,2,1,2917,10,4,0.4,14,1.4,0,0,6,Java,0,1,127
16,4,3,464,16,0,0,0,0,0,0,3,HTML,0,0,155
9,2,2,628,9,0,0,0,0,0,1,4,Java,0,0,106
21,4,12,805,21,2,0.09523809524,0,0,0,0,9,JavaScript,0,0,155
14,1,0,1060,14,3,0.2142857143,1,0.07142857143,3,7,8,JavaScript,0,0,64
13,0,0,1657,13,0,0,0,0,0,0,4,Python,0,1,74
7,0,0,1226,7,0,0,0,0,0,0,2,Python,1,0,40
5,3,0,1915,5,2,0.4,0,0,0,0,3,JavaScript,1,0,110
19,0,0,874,19,0,0,0,0,1,0,0,None,1,0,74
5,5,1,2013,5,2,0.4,1,0.2,0,0,2,HTML,1,1,119
8,0,0,1669,8,0,0,2,0.25,0,0,1,HTML,1,0,42
14,4,11,1175,14,4,0.2857142857,0,0,0,2,4,HTML,0,0,145
5,3,5,2808,5,0,0,1,0.2,0,0,4,HTML,1,0,88
12,3,3,1012,12,6,0.5,2,0.1666666667,0,1,7,JavaScript,0,0,146
5,7,6,3170,5,0,0,0,0,0,0,1,PHP,1,0,159
8,0,2,881,8,0,0,0,0,0,0,4,Python,0,1,51
12,0,0,720,12,0,0,0,0,1,1,5,HTML,0,0,70
12,2,2,580,12,0,0,0,0,0,7,5,Kotlin,0,1,111
36,2,1,1306,36,37,1.027777778,12,0.3333333333,0,2,4,Python,1,1,128
3,0,1,1597,3,0,0,3,1,0,0,1,HTML,0,0,92
16,4,13,583,16,0,0,0,0,2,5,5,TypeScript,0,0,148
9,0,2,1618,9,9,1,0,0,0,0,2,HTML,0,0,56
2,6,6,955,2,0,0,0,0,0,0,1,CSS,0,0,129
16,4,0,937,16,0,0,0,0,0,0,4,JavaScript,0,0,139
15,0,2,2071,15,2,0.1333333333,0,0,1,0,3,HTML,1,0,50
2,5,6,640,2,0,0,0,0,0,2,2,JavaScript,0,0,91
11,4,11,965,11,0,0,0,0,0,0,6,Python,0,1,143
2,2,0,1936,2,0,0,0,0,0,0,0,None,0,1,41
27,3,4,1368,27,0,0,1,0.03703703704,0,0,5,JavaScript,0,0,137
10,6,5,599,10,1,0.1,0,0,0,0,5,Java,0,0,160
5,10,7,705,5,0,0,0,0,0,0,3,HTML,0,1,160
34,1,3,1520,34,1,0.02941176471,0,0,1,0,8,PHP,0,0,104
15,2,7,1326,15,0,0,1,0.06666666667,0,0,4,C#,0,0,149
6,0,0,1476,6,0,0,1,0.1666666667,1,0,1,Kotlin,1,0,48
5,3,0,1015,5,11,2.2,10,2,0,2,2,HTML,0,0,103
13,1,1,1067,13,0,0,0,0,0,0,6,TypeScript,1,0,58
5,10,0,1724,5,34,6.8,2,0.4,0,0,3,Python,1,1,160
27,2,0,667,27,23,0.8518518519,1,0.03703703704,0,5,8,JavaScript,1,1,146
28,1,0,1104,28,46,1.642857143,0,0,0,0,8,JavaScript,0,0,85
7,3,4,1975,7,10,1.428571429,0,0,1,0,5,Java,1,0,112
36,1,1,911,36,3,0.08333333333,0,0,0,4,7,Python,1,0,87
6,1,0,514,6,3,0.5,1,0.1666666667,0,0,3,JavaScript,0,0,48
57,1,3,2390,57,7,0.1228070175,5,0.08771929825,78,0,10,Jupyter Notebook,1,1,114
13,0,0,798,13,0,0,0,0,0,0,4,JavaScript,0,0,72
12,0,0,1390,12,0,0,0,0,0,2,5,JavaScript,1,1,104
33,2,3,1273,33,0,0,1,0.0303030303,1,7,4,JavaScript,0,0,126
12,3,1,1190,12,0,0,0,0,0,1,8,JavaScript,0,0,131
9,1,1,597,9,2,0.2222222222,1,0.1111111111,0,2,4,JavaScript,1,0,121
25,0,2,1689,25,0,0,4,0.16,0,0,5,JavaScript,1,0,87
9,3,3,1173,9,0,0,0,0,0,0,5,PHP,0,0,119
12,2,5,1014,12,0,0,0,0,0,0,6,Python,1,0,109
11,2,2,716,11,2,0.1818181818,0,0,1,7,5,JavaScript,0,1,103
9,3,4,544,9,6,0.6666666667,0,0,0,0,4,HTML,0,0,146
9,1,0,1647,9,0,0,0,0,0,1,3,Python,0,0,58
43,0,0,693,43,0,0,0,0,0,0,3,JavaScript,1,0,102
3,5,12,534,3,0,0,0,0,0,0,2,Python,0,0,144
10,3,1,1543,10,1,0.1,0,0,0,3,4,HTML,0,1,140
12,0,1,1682,12,0,0,0,0,0,2,2,CSS,0,0,82
12,2,3,2224,12,0,0,1,0.08333333333,0,1,4,CSS,0,0,82
7,5,7,2406,7,1,0.1428571429,1,0.1428571429,2,0,3,Java,0,0,158
26,1,0,4237,26,2,0.07692307692,3,0.1153846154,0,0,9,Java,0,0,102
11,5,3,620,11,0,0,0,0,6,0,4,JavaScript,1,1,160
1,4,0,393,1,0,0,1,1,0,0,1,JavaScript,0,1,94
4,2,0,140,4,0,0,1,0.25,1,2,2,JavaScript,0,0,82
3,5,5,1085,3,0,0,0,0,0,0,1,Kotlin,0,0,128
11,4,4,731,11,0,0,1,0.09090909091,0,6,4,HTML,0,1,144
8,0,5,1574,8,2,0.25,1,0.125,0,0,2,Python,0,0,25
2,3,3,357,2,0,0,0,0,0,0,1,Kotlin,0,0,95
11,0,0,1078,11,0,0,0,0,6,1,5,Kotlin,0,1,157
19,0,1,1660,19,0,0,1,0.05263157895,0,1,5,TypeScript,0,0,75
17,2,4,1443,17,7,0.4117647059,1,0.05882352941,1,1,9,HCL,0,1,140
16,2,1,804,16,0,0,1,0.0625,0,0,7,Jupyter Notebook,0,1,133
2,3,1,811,2,0,0,0,0,0,0,0,None,1,0,153
11,0,3,274,11,0,0,0,0,0,2,1,Python,1,1,83
26,2,6,906,26,0,0,0,0,0,2,9,PHP,0,1,154
0,3,0,512,0,0,0,0,0,0,0,0,None,0,0,72
36,0,0,1081,36,5,0.1388888889,0,0,0,10,8,JavaScript,0,0,106
10,0,0,1494,10,0,0,0,0,2,0,4,HTML,0,0,65
36,1,1,1019,36,4,0.1111111111,2,0.05555555556,1,2,5,JavaScript,0,0,106
11,2,2,1077,11,8,0.7272727273,0,0,0,1,3,JavaScript,0,0,123
0,4,4,641,0,0,0,0,0,0,0,0,None,1,0,81
7,2,1,101,7,3,0.4285714286,1,0.1428571429,0,2,5,Jupyter Notebook,0,1,97
1,8,0,1637,1,0,0,0,0,0,0,1,HTML,1,1,118
11,0,5,1299,11,0,0,0,0,1,0,3,Kotlin,0,0,58
9,0,2,534,9,2,0.2222222222,0,0,0,3,0,None,0,0,68
13,0,0,2108,13,3,0.2307692308,0,0,0,0,1,JavaScript,1,1,88
9,0,0,2335,9,0,0,0,0,0,0,4,Python,0,1,43
11,4,2,3002,11,0,0,2,0.1818181818,0,0,4,JavaScript,0,0,154
5,3,0,5378,5,0,0,0,0,0,1,1,Apex,1,1,140
11,1,0,860,11,0,0,1,0.09090909091,0,0,4,HTML,0,0,67
3,7,9,682,3,0,0,0,0,0,0,1,Kotlin,0,0,154
16,1,0,1866,16,8,0.5,0,0,1,0,4,JavaScript,0,1,81
8,0,0,406,8,0,0,0,0,0,4,1,JavaScript,0,0,136
6,0,0,3087,6,0,0,0,0,0,0,4,Python,0,0,50
7,0,1,596,7,0,0,0,0,0,1,1,JavaScript,0,0,45
8,4,0,788,8,3,0.375,27,3.375,1,0,4,TypeScript,0,1,160
6,0,0,1600,6,0,0,0,0,0,0,3,JavaScript,0,0,51
14,3,9,1773,14,1,0.07142857143,1,0.07142857143,0,0,3,Python,1,1,156
24,0,0,460,24,0,0,0,0,0,10,8,JavaScript,1,1,104
10,3,1,969,10,0,0,0,0,0,0,4,Python,0,0,150
4,0,0,1152,4,0,0,0,0,0,0,1,HTML,1,1,69
34,1,3,1103,34,1,0.02941176471,1,0.02941176471,0,0,6,HTML,0,0,114
4,2,3,1644,4,7,1.75,0,0,0,0,3,Java,0,1,82
5,1,4,1657,5,0,0,0,0,0,0,1,JavaScript,0,0,44
10,0,0,1615,10,0,0,0,0,0,0,1,Java,1,0,75
2,2,1,431,2,0,0,0,0,0,2,1,Python,0,0,73
16,1,1,1190,16,9,0.5625,19,1.1875,0,0,1,JavaScript,1,1,55
16,2,3,950,16,1,0.0625,7,0.4375,20,2,4,JavaScript,0,0,138
12,3,6,966,12,1,0.08333333333,0,0,0,1,4,TypeScript,0,0,157
17,0,0,3157,17,1,0.05882352941,0,0,0,0,2,HTML,0,1,88
6,0,1,1538,6,0,0,0,0,0,0,1,JavaScript,0,0,54
14,1,0,908,14,0,0,1,0.07142857143,0,10,6,HTML,0,1,65
9,0,0,771,9,0,0,0,0,0,0,4,HTML,0,0,58
9,3,2,1102,9,1,0.1111111111,0,0,0,2,3,HTML,0,0,151
7,3,1,1219,7,1,0.1428571429,0,0,0,0,4,C++,0,0,142
13,2,2,1403,13,0,0,0,0,0,2,4,JavaScript,1,1,97
0,0,0,995,0,0,0,0,0,0,0,0,None,1,1,83
0,0,0,1618,0,0,0,0,0,0,0,0,None,0,1,0
0,0,0,173,0,0,0,0,0,0,0,0,None,1,1,142
3,0,0,1586,3,0,0,0,0,0,0,1,HTML,0,1,38
1,2,2,1728,1,1,1,0,0,0,0,0,None,1,1,27
15,1,4,605,15,0,0,3,0.2,3,0,6,Jupyter Notebook,0,0,91
10,0,0,310,10,0,0,1,0.1,0,5,5,SystemVerilog,1,0,70
0,3,1,3594,0,0,0,0,0,0,0,0,None,1,1,93
7,2,2,691,7,0,0,0,0,0,3,3,JavaScript,1,1,124
8,0,0,3493,8,0,0,0,0,0,0,3,Java,0,1,66
8,0,0,1464,8,0,0,0,0,0,0,6,C#,0,0,45
6,0,0,2124,6,0,0,0,0,0,0,4,Python,0,0,56
7,0,1,489,7,0,0,0,0,0,0,4,JavaScript,0,0,58
6,5,0,2961,6,0,0,0,0,0,0,4,JavaScript,0,0,136
14,2,2,674,14,0,0,0,0,0,1,2,Kotlin,1,1,127
0,0,0,923,0,0,0,0,0,0,0,0,None,1,0,160
0,0,0,3635,0,0,0,0,0,0,0,0,None,1,0,143
8,2,1,2181,8,0,0,0,0,0,0,3,Java,0,0,91
17,2,2,1723,17,3,0.1764705882,1,0.05882352941,0,0,7,JavaScript,0,0,122
8,2,0,1217,8,2,0.25,0,0,0,0,7,Python,0,0,136
3,2,3,108,3,0,0,0,0,0,2,2,HTML,0,0,83
0,1,0,265,0,0,0,0,0,0,0,0,None,0,1,0
7,4,3,611,7,0,0,0,0,0,1,4,Java,0,0,160
0,0,0,11,0,0,0,0,0,0,0,0,None,1,1,160
18,2,2,1475,18,0,0,0,0,0,5,7,Java,0,0,160
0,0,0,3083,0,0,0,0,0,0,0,0,None,1,1,36
33,3,7,1913,33,1,0.0303030303,0,0,3,0,5,PHP,0,1,157
4,3,3,1267,4,0,0,0,0,0,0,2,CSS,0,0,126
22,0,0,586,22,0,0,0,0,6,8,8,Python,0,0,101
9,1,1,2912,9,0,0,2,0.2222222222,7,0,5,Java,1,0,86
6,2,2,1048,6,0,0,0,0,0,0,3,Kotlin,0,0,105
5,3,3,649,5,0,0,0,0,0,0,4,JavaScript,1,0,142
3,7,4,578,3,6,2,0,0,0,3,2,Java,0,0,157
19,1,1,779,19,2,0.1052631579,0,0,0,1,6,JavaScript,0,0,105
1,0,0,1356,1,0,0,0,0,0,0,1,HTML,0,1,160
2,4,1,517,2,0,0,0,0,1,0,0,None,0,0,126
27,3,5,1631,27,6,0.2222222222,0,0,0,1,9,TypeScript,0,1,156
4,4,0,729,4,1,0.25,6,1.5,2,0,2,TypeScript,0,0,136
6,0,0,2106,6,0,0,0,0,4,0,3,Java,1,0,77
20,0,0,1803,20,0,0,0,0,0,0,5,Jupyter Notebook,0,1,118
16,4,5,2718,16,0,0,1,0.0625,0,0,6,HTML,1,0,148
20,0,0,1446,20,17,0.85,0,0,2,5,9,JavaScript,1,1,121
8,2,5,1685,8,0,0,0,0,1,0,2,HTML,0,0,121
2,1,0,2542,2,0,0,1,0.5,0,0,1,TypeScript,1,1,160
2,0,0,191,2,0,0,0,0,0,0,2,C#,0,0,0
29,1,3,1435,29,2,0.06896551724,5,0.1724137931,0,2,5,JavaScript,0,0,114
13,1,0,1620,13,0,0,0,0,0,1,5,Java,0,1,67
1,2,1,1048,1,0,0,0,0,0,0,0,None,0,0,45
15,3,2,510,15,9,0.6,1,0.06666666667,0,9,6,Java,1,0,159
45,0,2,1070,45,13,0.2888888889,1,0.02222222222,60,8,8,JavaScript,0,0,145
16,0,1,921,16,0,0,0,0,2,1,6,JavaScript,1,0,91
4,4,7,1436,4,0,0,0,0,0,0,3,HTML,0,0,113
17,1,2,915,17,2,0.1176470588,0,0,0,12,4,JavaScript,0,0,88
13,2,11,648,13,0,0,0,0,3,4,4,Python,0,1,151
36,2,7,890,36,8,0.2222222222,0,0,0,7,9,JavaScript,1,0,149
2,1,0,259,2,0,0,1,0.5,0,1,1,JavaScript,0,1,114
1,4,0,1600,1,0,0,0,0,0,0,1,HTML,0,1,82
2,2,0,1716,2,3,1.5,2,1,16,0,2,JavaScript,0,1,53
3,6,0,356,3,2,0.6666666667,0,0,0,3,2,Python,0,1,158
6,2,0,1311,6,1,0.1666666667,0,0,0,0,1,HTML,0,0,133
10,2,0,1644,10,0,0,0,0,0,0,2,Java,0,1,154
3,2,0,1100,3,0,0,0,0,1,0,0,None,1,0,92
16,2,3,1552,16,2,0.125,0,0,0,0,8,Java,0,0,138
13,3,7,1962,13,0,0,0,0,0,3,6,JavaScript,0,0,150
4,4,1,149,4,0,0,0,0,0,1,1,JavaScript,0,1,156
23,0,1,2900,23,1,0.04347826087,1,0.04347826087,32,0,7,JavaScript,0,0,107
5,2,0,559,5,1,0.2,0,0,0,3,1,PHP,0,1,110
27,1,1,1210,27,2,0.07407407407,1,0.03703703704,2,1,12,JavaScript,0,1,118
4,3,1,1644,4,0,0,0,0,0,1,1,Jupyter Notebook,0,0,100
2,0,0,841,2,0,0,0,0,0,0,1,Java,1,0,22
9,0,0,1158,9,0,0,0,0,1,1,5,HTML,0,0,91
0,2,0,239,0,0,0,0,0,0,0,0,None,0,1,44
5,0,0,1149,5,0,0,0,0,0,0,1,Java,0,0,68
1,2,0,2714,1,0,0,0,0,0,0,0,None,0,0,52
2,2,3,746,2,0,0,0,0,0,1,1,PHP,0,0,73
6,4,0,224,6,0,0,2,0.3333333333,0,3,1,HTML,0,1,160
25,1,4,427,25,0,0,1,0.04,0,10,6,Java,0,0,114
2,4,7,3559,2,0,0,0,0,0,1,1,PHP,0,0,123
21,1,2,1065,21,2,0.09523809524,0,0,3,2,7,JavaScript,0,0,119
4,1,1,1965,4,0,0,1,0.25,0,0,1,C#,0,1,39
13,0,4,3708,13,0,0,0,0,0,0,4,Java,1,1,160
10,0,0,1264,10,0,0,0,0,0,1,6,Java,0,0,73
11,2,5,1505,11,0,0,0,0,1,0,4,Java,1,0,157
8,1,1,780,8,0,0,0,0,0,3,3,Java,0,0,89
26,0,0,2469,26,0,0,0,0,0,0,7,JavaScript,0,1,116
5,1,3,636,5,0,0,0,0,0,0,1,Java,0,0,53
7,0,0,2057,7,0,0,0,0,0,0,2,Java,0,1,85
11,0,0,1960,11,1,0.09090909091,0,0,0,6,2,HTML,1,1,61
20,1,3,806,20,0,0,1,0.05,0,1,5,Jupyter Notebook,0,1,105
12,0,0,805,12,0,0,0,0,0,5,2,JavaScript,0,0,79
7,3,2,557,7,0,0,2,0.2857142857,0,0,4,Java,0,0,154
2,4,0,320,2,0,0,0,0,1,1,1,JavaScript,0,1,155
7,0,0,546,7,0,0,0,0,1,4,3,HTML,0,0,75
28,1,0,1843,28,4,0.1428571429,0,0,0,1,3,Python,0,0,98
1,5,34,3170,1,0,0,0,0,0,0,1,Jupyter Notebook,0,0,120
2,1,2,1465,2,0,0,0,0,0,0,1,Kotlin,0,0,15
5,3,1,530,5,0,0,0,0,0,2,3,HTML,0,0,123
4,1,1,1503,4,0,0,0,0,0,0,2,C++,1,0,50
9,0,0,3465,9,0,0,0,0,0,0,4,JavaScript,0,0,87
9,1,1,788,9,0,0,0,0,0,2,6,JavaScript,1,0,108
5,2,2,3232,5,0,0,0,0,0,0,2,Python,0,1,123
5,0,0,1994,5,0,0,0,0,0,0,2,HTML,1,1,69
33,1,1,954,33,0,0,2,0.06060606061,0,3,6,Python,1,1,153
13,0,0,3155,13,0,0,0,0,0,4,3,C,0,0,87
3,4,6,1207,3,0,0,0,0,0,0,0,None,0,0,151
5,1,0,556,5,0,0,0,0,0,0,1,HTML,0,0,75
23,1,3,5012,23,0,0,0,0,4,1,5,Python,0,0,132
14,0,0,1190,14,0,0,0,0,0,0,6,JavaScript,0,0,96
15,0,5,556,15,2,0.1333333333,0,0,0,13,2,Java,0,0,85
9,4,2,1793,9,0,0,2,0.2222222222,0,0,5,Java,0,0,158
18,0,1,1609,18,3,0.1666666667,1,0.05555555556,0,0,5,Python,0,1,118
15,2,0,1181,15,0,0,1,0.06666666667,0,0,3,JavaScript,0,1,150
26,1,0,3937,26,0,0,0,0,0,0,7,JavaScript,0,0,126
7,1,0,2276,7,1,0.1428571429,0,0,0,6,3,JavaScript,0,0,64
1,3,0,1147,1,0,0,0,0,0,0,0,None,0,1,82
4,0,0,899,4,0,0,0,0,0,0,2,Python,0,0,56
5,2,4,1032,5,2,0.4,0,0,0,0,2,HTML,0,0,136
5,3,4,458,5,13,2.6,0,0,3,5,4,Java,0,0,160
6,0,0,501,6,0,0,0,0,0,3,2,HTML,0,0,57
5,0,0,1871,5,0,0,0,0,0,0,2,PHP,0,1,159
117,1,0,499,100,144,1.44,0,0,0,5,4,CSS,0,0,160
7,2,0,791,7,3,0.4285714286,0,0,0,0,2,Java,0,0,124
13,0,1,746,13,0,0,0,0,2,5,4,JavaScript,0,0,99
5,3,0,433,5,2,0.4,2,0.4,7,0,4,Java,0,1,153
9,1,0,1521,9,0,0,0,0,0,0,4,JavaScript,0,0,112
4,0,0,1969,4,6,1.5,2,0.5,9,0,2,HTML,0,1,39
5,0,0,1684,5,0,0,0,0,0,0,3,Java,0,0,70
0,2,0,297,0,0,0,0,0,0,0,0,None,0,0,56
3,0,0,2424,3,2,0.6666666667,1,0.3333333333,0,0,2,PHP,0,1,43
8,3,3,1784,8,4,0.5,1,0.125,0,1,4,Python,0,0,158
1,2,0,162,1,0,0,0,0,38,0,1,GDScript,0,0,58
3,0,1,393,3,0,0,0,0,0,0,2,HTML,0,1,45
0,0,0,988,0,0,0,0,0,0,0,0,None,0,1,0
5,2,2,254,5,0,0,0,0,0,0,2,HTML,0,1,123
8,3,2,1012,8,1,0.125,0,0,0,1,2,JavaScript,0,0,160
23,1,2,1180,23,0,0,0,0,0,0,2,C++,0,1,110
0,5,0,1906,0,0,0,0,0,0,0,0,None,0,1,148
13,2,3,1900,13,1,0.07692307692,1,0.07692307692,2,0,3,JavaScript,0,1,126
3,2,5,823,3,0,0,0,0,0,0,2,JavaScript,1,1,95
4,0,2,1728,4,1,0.25,0,0,0,0,2,HTML,0,0,65
12,1,1,2442,12,6,0.5,0,0,0,0,4,JavaScript,0,0,116
14,1,4,1672,14,0,0,0,0,0,0,4,JavaScript,0,0,97
26,0,1,720,26,0,0,0,0,0,7,5,Java,0,0,144
8,0,0,1679,8,0,0,0,0,0,0,4,CSS,0,0,106
4,1,2,715,4,0,0,0,0,0,3,2,Jupyter Notebook,0,0,57
7,2,5,522,7,0,0,0,0,0,1,2,HTML,0,0,144
1,4,2,479,1,1,1,0,0,0,0,0,None,0,0,105
5,2,3,776,5,0,0,0,0,0,0,2,HTML,0,0,140
2,0,2,1559,2,0,0,0,0,0,0,1,Python,0,0,22
11,0,1,1672,11,0,0,0,0,0,0,2,CSS,0,0,87
0,0,0,2284,0,0,0,0,0,0,0,0,None,1,1,0
1,0,0,1491,1,0,0,0,0,0,0,0,None,0,1,139
23,1,2,1953,23,1,0.04347826087,0,0,0,0,6,JavaScript,1,0,136
7,0,0,643,7,0,0,2,0.2857142857,0,3,2,Python,1,0,91
0,0,0,683,0,0,0,0,0,0,0,0,None,0,0,0
2,3,1,1699,2,0,0,0,0,0,0,2,Python,1,1,130
3,0,1,2306,3,0,0,0,0,11,0,1,HTML,1,1,43
7,0,0,1718,7,0,0,0,0,0,0,5,Java,0,0,98
9,2,7,700,9,0,0,0,0,1,4,3,HTML,0,0,157
3,2,0,2769,3,0,0,0,0,0,0,1,C#,1,0,81
7,1,0,1083,7,0,0,1,0.1428571429,0,4,2,Java,0,0,77
3,2,5,662,3,1,0.3333333333,0,0,1,2,1,HTML,0,0,134
15,0,1,1043,15,2,0.1333333333,0,0,0,0,4,Vue,1,0,112
6,2,4,613,6,2,0.3333333333,0,0,0,2,3,HTML,0,0,144
5,0,0,496,5,0,0,0,0,0,0,1,Python,0,0,87
5,0,0,2034,5,0,0,0,0,0,0,1,Rebol,0,0,58
9,1,1,499,9,3,0.3333333333,0,0,0,4,2,JavaScript,0,0,90
0,0,0,1286,0,0,0,0,0,0,0,0,None,0,0,0
3,0,0,1923,3,1,0.3333333333,0,0,0,0,2,PHP,1,0,47
3,0,2,815,3,0,0,0,0,1,0,2,Java,1,0,50
0,0,0,2334,0,0,0,0,0,0,0,0,None,0,1,25
0,0,0,1464,0,0,0,0,0,0,0,0,None,0,1,32
5,1,0,1045,5,0,0,0,0,0,0,2,PHP,0,0,72
4,3,4,2317,4,0,0,0,0,0,0,2,Kotlin,0,0,117
2,3,0,1957,2,0,0,0,0,0,0,1,HTML,1,1,146
8,2,1,991,8,0,0,0,0,0,2,1,Kotlin,0,0,156
20,1,2,2649,20,1,0.05,0,0,0,1,7,Python,0,0,140
2,0,0,342,2,0,0,0,0,0,0,0,None,0,0,91
13,1,3,946,13,0,0,0,0,0,1,2,Jupyter Notebook,1,0,153
4,0,0,1511,4,0,0,0,0,0,0,1,JavaScript,1,1,50
8,0,0,1357,8,1,0.125,0,0,0,0,4,Java,1,1,95
23,1,2,969,23,0,0,0,0,0,6,8,JavaScript,0,0,158
6,0,0,950,6,0,0,0,0,0,0,2,CSS,0,0,84
5,1,0,749,5,5,1,3,0.6,1,1,2,PHP,0,1,0
2,0,0,2123,2,0,0,0,0,0,0,0,None,0,0,27
19,1,0,768,19,0,0,0,0,0,8,6,HTML,0,0,114
11,0,1,407,11,0,0,0,0,0,0,4,Python,1,0,107
13,1,1,1629,13,0,0,0,0,0,2,6,Python,0,0,122
11,1,0,1747,11,0,0,0,0,0,0,5,JavaScript,0,0,112
2,2,2,351,2,0,0,0,0,0,2,1,Python,0,0,85
7,1,5,2588,7,1,0.1428571429,0,0,0,0,3,HTML,0,1,75
7,0,0,1956,7,0,0,0,0,0,0,0,None,0,0,86
4,0,1,22,4,0,0,0,0,0,4,0,None,0,1,41
32,1,1,668,32,13,0.40625,0,0,0,10,7,Dart,0,1,153
20,0,1,1076,20,2,0.1,1,0.05,1,0,6,Jupyter Notebook,0,0,135