username,public_repos,followers,following,account_age_days,repo_count,total_stars,avg_stars,total_forks,avg_forks,total_issues,active_repos,languages_used,top_language,has_company,has_blog,bio_length
HasinduLanka,70,52,67,2970,70,56,0.8,3,0.04285714285714286,4,0,17,Go,1,1,40
LSFLK,36,87,0,2864,36,56,1.5555555555555556,162,4.5,213,7,9,JavaScript,0,1,118
Damantha126,22,239,16,1855,22,178,8.090909090909092,326,14.818181818181818,5,1,5,Python,1,0,28
CodeLanka,50,18,0,4328,50,118,2.36,155,3.1,140,0,11,JavaScript,0,1,28
deshanlankal,26,23,24,1175,26,24,0.9230769230769231,0,0.0,40,5,9,JavaScript,1,0,0
Lahirutech,89,12,14,3571,89,41,0.4606741573033708,6,0.06741573033707865,7,0,6,TypeScript,1,1,41
DharshiBalasubramaniyam,80,80,17,951,80,294,3.675,398,4.975,31,6,10,JavaScript,0,1,76
LDFLK,15,49,0,1755,15,14,0.9333333333333333,59,3.933333333333333,250,15,5,Python,0,0,0
dihanofficial,116,64,14,1739,100,181,1.81,268,2.68,27,2,4,Python,1,1,31
AIESEC-LK,57,35,0,1660,57,8,0.14035087719298245,22,0.38596491228070173,75,7,8,TypeScript,0,1,19
fosslk,20,32,0,3299,20,36,1.8,114,5.7,15,0,7,HTML,0,1,49
zaselalk,90,75,30,2716,90,58,0.6444444444444445,23,0.25555555555555554,60,23,12,JavaScript,0,1,37
Isira-Seneviratne,38,67,14,3112,38,3,0.07894736842105263,0,0.0,47,3,7,Java,0,0,39
apLanka,10,15,21,1367,10,6,0.6,1,0.1,0,1,3,TypeScript,1,1,36
LankaSmartFarm,3,14,0,292,3,18,6.0,4,1.3333333333333333,6,0,1,C,0,0,81
inupaUdara,39,22,30,1075,39,12,0.3076923076923077,20,0.5128205128205128,0,2,11,JavaScript,1,1,33
LakinduK,101,62,45,2880,100,33,0.33,101,1.01,80,2,14,HTML,1,1,68
SahasPunchihewa,66,27,30,2732,66,17,0.25757575757575757,8,0.12121212121212122,3,0,14,Java,1,1,42
sujeewasandeepa,66,28,49,2015,66,0,0.0,3,0.045454545454545456,9,0,12,JavaScript,1,0,29
CSWanigasooriya,58,29,30,2403,58,7,0.1206896551724138,2,0.034482758620689655,50,2,14,Java,1,1,56
pazindushane,52,39,48,2754,52,192,3.6923076923076925,37,0.7115384615384616,16,0,9,JavaScript,1,1,40
anuja-rahul,62,36,43,1277,62,52,0.8387096774193549,7,0.11290322580645161,1,3,12,Python,1,1,40
golangsrilanka,7,23,0,1918,7,16,2.2857142857142856,14,2.0,1,0,1,Go,0,1,26
SamadhiWathsala,34,35,50,2732,34,13,0.38235294117647056,4,0.11764705882352941,8,0,8,Dart,0,0,54
sanjiva,43,197,0,4906,43,15,0.3488372093023256,2,0.046511627906976744,1,3,8,Ballerina,1,1,98
ImDenuwan,7,56,33,1623,7,115,16.428571428571427,181,25.857142857142858,5,0,1,Python,1,1,33
Malisha4065,93,149,154,1063,93,12,0.12903225806451613,3,0.03225806451612903,1,9,18,Java,1,1,81
DevOpsLK,13,18,0,3276,13,17,1.3076923076923077,80,6.153846153846154,1,0,5,Shell,0,1,27
k8ssrilanka,9,14,0,2595,9,11,1.2222222222222223,27,3.0,1,0,3,JavaScript,0,0,53
Ksengine,56,181,1058,2142,56,110,1.9642857142857142,7,0.125,2,0,7,Python,1,0,81
IMS94,62,90,60,4008,62,264,4.258064516129032,141,2.274193548387097,16,3,13,Java,1,1,86
ammaaraslam,18,29,46,1525,18,14,0.7777777777777778,3,0.16666666666666666,0,0,3,JavaScript,1,0,37
IEEESriLanka,29,16,0,2859,29,3,0.10344827586206896,9,0.3103448275862069,4,10,6,JavaScript,0,1,160
fathi-riham-mn,35,81,37,1629,35,457,13.057142857142857,21,0.6,1,0,9,JavaScript,0,0,72
Mozilla-Campus-Club-of-SLIIT,31,56,0,1528,31,20,0.6451612903225806,116,3.7419354838709675,65,19,8,TypeScript,0,1,76
Scar1109,56,604,10,1353,56,188,3.357142857142857,194,3.4642857142857144,5,3,11,JavaScript,0,1,144
team-watchdog,19,36,0,1365,19,390,20.526315789473685,18,0.9473684210526315,11,0,8,TypeScript,0,1,50
Pasindu599,63,15,5,1372,63,2,0.031746031746031744,3,0.047619047619047616,4,2,10,JavaScript,0,0,58
MadhawaRathnayaka,12,144,521,1431,12,8,0.6666666666666666,1,0.08333333333333333,0,0,4,JavaScript,1,0,77
fcodelabs,20,59,0,2136,20,35,1.75,143,7.15,73,0,6,Dart,0,1,75
sanchikagn,17,12,14,3273,17,11,0.6470588235294118,11,0.6470588235294118,3,0,5,Python,1,1,29
hackersinsrilankaofc,34,12,10,1262,34,57,1.6764705882352942,1,0.029411764705882353,2,0,5,HTML,1,1,68
Madhubhashana99,71,30,47,1402,71,27,0.38028169014084506,1,0.014084507042253521,0,0,10,Java,1,1,63
Sandakan,25,61,15,2640,25,1055,42.2,49,1.96,81,4,7,JavaScript,0,0,82
D-Binara,42,77,69,1184,42,7,0.16666666666666666,20,0.47619047619047616,17,4,11,PHP,0,1,99
NandiyaLive,44,34,11,3124,44,25,0.5681818181818182,50,1.1363636363636365,9,6,9,JavaScript,1,1,51
InukaRanmira,14,22,0,1661,14,18,1.2857142857142858,12,0.8571428571428571,2,0,1,Python,1,1,31
hiranya,14,45,15,5829,14,8,0.5714285714285714,4,0.2857142857142857,0,0,6,Go,1,1,57
teshanj7,37,9,8,1029,37,18,0.4864864864864865,10,0.2702702702702703,0,0,8,JavaScript,1,0,34
ishinihettiarachchi,24,27,32,1610,24,1,0.041666666666666664,0,0.0,1,1,6,JavaScript,0,0,70
RedEdge967,68,120,47,1609,68,381,5.602941176470588,75,1.1029411764705883,3,0,12,JavaScript,0,1,70
vinodliyanage,64,30,30,2374,64,26,0.40625,3,0.046875,7,6,8,JavaScript,1,1,73
vuejssrilanka,5,23,0,1048,5,0,0.0,0,0.0,0,0,1,Vue,0,0,129
anjuna0305,31,19,20,1596,31,21,0.6774193548387096,1,0.03225806451612903,0,0,10,C,0,0,53
Wishwa-code,35,14,17,2224,35,0,0.0,1,0.02857142857142857,1,2,11,JavaScript,0,1,37
dakshinasd,22,13,7,4471,22,1,0.045454545454545456,3,0.13636363636363635,0,0,5,JavaScript,0,1,41
ChathuraNilanka,64,17,13,2685,64,8,0.125,11,0.171875,107,0,8,JavaScript,0,0,69
luk3Sky,77,32,51,3104,77,9,0.11688311688311688,18,0.23376623376623376,34,1,12,JavaScript,0,1,96
bsaranga,22,45,86,3608,22,14,0.6363636363636364,2,0.09090909090909091,0,0,10,HTML,1,1,73
NadeeTharuka,69,21,19,1158,69,9,0.13043478260869565,14,0.2028985507246377,2,2,9,JavaScript,1,0,57
isira-adithya,16,34,19,2104,16,17,1.0625,10,0.625,21,3,9,PHP,0,1,52
RensithUdara,202,37,0,1371,100,6,0.06,0,0.0,20,17,13,Dart,0,1,102
RandiakM,90,19,16,2893,90,11,0.12222222222222222,3,0.03333333333333333,30,0,15,Java,1,1,77
Buddhi2022,75,6,26,1724,75,9,0.12,156,2.08,0,0,2,Batchfile,0,1,24
FazidSamoon,55,17,9,1621,55,7,0.12727272727272726,9,0.16363636363636364,8,0,5,JavaScript,1,1,74
SL-bots,60,11,0,1659,60,14,0.23333333333333334,29,0.48333333333333334,7,0,4,Python,0,1,54
LEARN-LK,16,22,0,2985,16,18,1.125,25,1.5625,2,4,3,Shell,0,1,52
heshant3,82,6,4,2357,82,4,0.04878048780487805,0,0.0,12,2,11,JavaScript,1,1,35
Dannansilva,31,21,31,1191,31,2,0.06451612903225806,2,0.06451612903225806,2,5,4,C++,0,0,80
LankaKarunathilake,6,3,0,1651,6,0,0.0,0,0.0,0,0,3,JavaScript,0,0,17
dhammikamare,35,78,96,4893,35,48,1.3714285714285714,17,0.4857142857142857,4,0,13,Java,1,1,131
IamDZN,36,8,48,4530,36,1,0.027777777777777776,0,0.0,9,0,7,HTML,1,1,40
thilinianuradha,21,14,7,1698,21,0,0.0,0,0.0,0,0,9,JavaScript,0,0,54
UdaraDananjaya,41,12,6,3200,41,13,0.3170731707317073,1,0.024390243902439025,0,6,12,JavaScript,0,1,58
SkillSurf,18,26,0,1132,18,97,5.388888888888889,37,2.0555555555555554,11,3,9,Verilog,0,1,53
hashika2,89,82,149,2887,89,81,0.9101123595505618,3,0.033707865168539325,122,2,13,JavaScript,1,1,154
Prabha-99,25,20,14,1412,25,14,0.56,23,0.92,3,0,6,Java,0,0,59
ChaminW,55,17,17,3896,55,10,0.18181818181818182,14,0.2545454545454545,21,0,13,Java,1,1,69
KasunDissanayake94,68,32,25,3433,68,12,0.17647058823529413,11,0.16176470588235295,69,0,13,Java,1,1,105
JeewanthaLahiru,43,36,49,2562,43,6,0.13953488372093023,2,0.046511627906976744,9,1,12,TypeScript,0,1,102
molindu-achintha,77,37,57,1059,77,4,0.05194805194805195,7,0.09090909090909091,3,10,11,Python,0,1,135
ShalikaAshan01,50,16,16,3128,50,14,0.28,16,0.32,42,0,8,Dart,0,0,83
surendias,33,6,4,5378,33,19,0.5757575757575758,2,0.06060606060606061,0,1,5,JavaScript,1,1,33
vajithChamuditha-99,73,10,10,1857,73,1,0.0136986301369863,1,0.0136986301369863,3,1,9,Java,1,1,48
mlsasrilanka,4,51,0,1636,4,0,0.0,32,8.0,6,0,1,HTML,0,1,80
nisalk96,31,13,20,3280,31,6,0.1935483870967742,0,0.0,0,4,8,JavaScript,0,1,53
mot-srilanka,2,34,0,1518,2,26,13.0,5,2.5,1,0,1,JavaScript,0,1,39
ravindikumarasinghe,53,23,32,2304,53,12,0.22641509433962265,5,0.09433962264150944,0,0,9,Java,0,1,92
nadun-dilshan,36,11,1,1460,36,3,0.08333333333333333,6,0.16666666666666666,2,5,7,JavaScript,1,1,48
PawaniBhagya,20,17,12,1173,20,1,0.05,0,0.0,0,1,4,CSS,0,0,58
ThushanMadu,26,66,63,669,26,0,0.0,0,0.0,0,10,8,JavaScript,1,1,114
Denuwan01,27,25,40,732,27,40,1.4814814814814814,0,0.0,0,0,6,HTML,1,0,78
Isuru-Dissanayake,28,18,2,2621,28,78,2.7857142857142856,25,0.8928571428571429,3,0,7,JavaScript,0,0,90
sef-global,27,107,0,3103,27,127,4.703703703703703,446,16.51851851851852,107,0,7,TypeScript,0,1,102
hiranthaPeiris,52,128,18,3234,52,12,0.23076923076923078,3,0.057692307692307696,61,5,12,JavaScript,1,1,126
sroshanakthar1,11,17,33,1438,11,0,0.0,0,0.0,0,1,6,C#,0,0,64
pcfjojo,21,7,1,3982,21,4,0.19047619047619047,3,0.14285714285714285,21,2,5,PHP,1,1,155
AshenIR,19,14,17,1646,19,0,0.0,1,0.05263157894736842,12,0,3,JavaScript,0,0,50
cloud-native-sri-lanka,6,13,0,808,6,5,0.8333333333333334,31,5.166666666666667,11,0,5,TypeScript,0,0,0
JayasekaraYasanga,62,6,7,1885,62,0,0.0,7,0.11290322580645161,0,0,3,Python,0,0,48
sampathmenuka,37,34,31,562,37,6,0.16216216216216217,1,0.02702702702702703,1,13,6,CSS,0,1,115
MifdhaMilan,22,36,42,1948,22,1,0.045454545454545456,0,0.0,0,0,7,Java,0,1,86
Iroshan99,39,26,43,1045,39,46,1.1794871794871795,0,0.0,0,0,7,Java,0,0,99
Ruchirakavinda,59,43,54,2006,59,22,0.3728813559322034,30,0.5084745762711864,11,0,10,JavaScript,1,1,115
IsukaW,19,15,11,892,19,9,0.47368421052631576,5,0.2631578947368421,4,7,6,JavaScript,1,0,58
sachithnim,27,17,19,1085,27,13,0.48148148148148145,6,0.2222222222222222,0,3,9,JavaScript,0,0,75
LakshanShalintha,22,37,46,739,22,8,0.36363636363636365,5,0.22727272727272727,0,1,8,TypeScript,0,1,99
HarshaniDil,16,22,15,2277,16,5,0.3125,0,0.0,0,1,4,Python,0,0,61
dwathsala,12,30,36,1081,12,0,0.0,0,0.0,0,4,4,HTML,0,0,87
Vinusha2000,25,4,1,1981,25,2,0.08,1,0.04,1,0,5,Java,0,0,76
chamodmalintha,14,14,7,3094,14,0,0.0,0,0.0,9,0,3,JavaScript,0,0,69
NihushaganS,27,8,15,942,27,0,0.0,0,0.0,3,0,6,HTML,0,0,45
GITHQCKER,51,3,0,1527,51,1,0.0196078431372549,4,0.0784313725490196,13,0,1,JavaScript,0,0,15
Parakkrama24,63,16,13,1295,63,14,0.2222222222222222,6,0.09523809523809523,8,3,9,C#,1,0,90
kcdsrilanka,0,15,0,1060,0,0,0.0,0,0.0,0,0,0,None,0,1,13
Theekshana96,25,21,57,2083,25,3,0.12,6,0.24,0,0,6,JavaScript,1,0,86
Nsadaa,33,26,16,1875,33,16,0.48484848484848486,7,0.21212121212121213,0,0,4,Jupyter Notebook,1,0,84
tharakaug,34,13,11,764,34,11,0.3235294117647059,2,0.058823529411764705,0,1,6,HTML,1,0,65
bihesha,22,5,5,1029,22,2,0.09090909090909091,1,0.045454545454545456,0,0,6,Java,0,0,36
nethvish,10,13,5,1595,10,2,0.2,2,0.2,0,0,3,CSS,1,1,60
im-ushan-ikshana,16,14,43,1648,16,2,0.125,6,0.375,2,4,7,JavaScript,1,0,51
AnjanaSamindraPerera,82,3,5,2868,82,0,0.0,7,0.08536585365853659,19,0,9,Java,1,1,45
heshanm27,55,9,0,2834,55,3,0.05454545454545454,12,0.21818181818181817,11,0,11,JavaScript,1,1,83
bhathiyaamarasinghe,22,18,3,2235,22,0,0.0,17,0.7727272727272727,1,0,6,JavaScript,1,1,101
sajithapislk,29,8,3,1211,29,6,0.20689655172413793,2,0.06896551724137931,11,3,9,Python,1,1,43
DARKDRAGON-LK,23,37,29,3144,23,5,0.21739130434782608,1,0.043478260869565216,2,3,9,JavaScript,1,1,117
shashinherath,14,27,15,1220,14,5,0.35714285714285715,2,0.14285714285714285,1,1,5,JavaScript,0,0,84
Dune-Global,24,10,0,903,24,1,0.041666666666666664,0,0.0,13,0,8,TypeScript,0,0,66
kdsuneraavinash,50,64,29,2995,50,213,4.26,54,1.08,115,1,13,Dart,1,1,136
himashagunasena,17,10,3,2107,17,4,0.23529411764705882,0,0.0,0,2,4,Dart,0,0,36
rhas1,10,10,7,3619,10,0,0.0,0,0.0,0,0,6,Python,0,0,40
AnupaKulathunga,30,8,6,2885,30,0,0.0,2,0.06666666666666667,3,2,6,Python,0,1,157
sameeraudesh995,56,12,55,1938,56,24,0.42857142857142855,0,0.0,0,0,7,Java,0,0,77
lasindu2001,26,31,23,697,26,30,1.1538461538461537,3,0.11538461538461539,0,0,6,JavaScript,0,0,105
ChandimalPriyamantha,141,22,5,1540,100,7,0.07,7,0.07,9,0,10,Jupyter Notebook,0,1,127
NOI-SL,11,16,0,2710,11,21,1.9090909090909092,5,0.45454545454545453,7,0,5,HTML,0,1,120
DinushaNaween,31,14,1,3203,31,7,0.22580645161290322,1,0.03225806451612903,69,2,5,JavaScript,1,0,91
pathummadhusanka,26,9,13,999,26,0,0.0,0,0.0,0,1,10,Java,0,1,67
PansiluAW,44,23,8,1341,44,0,0.0,1,0.022727272727272728,1,0,9,Python,0,0,124
lakaThabrew,35,4,0,387,35,2,0.05714285714285714,0,0.0,1,13,8,JavaScript,1,1,37
Ama926,18,12,15,2392,18,0,0.0,0,0.0,23,0,9,JavaScript,0,0,75
pabasar,23,4,11,2500,23,5,0.21739130434782608,1,0.043478260869565216,0,0,5,Python,0,1,32
CSB-DEVELOPMENTS,5,10,0,596,5,0,0.0,3,0.6,1,1,1,JavaScript,0,1,41
ravindukd,19,17,10,2694,19,4,0.21052631578947367,1,0.05263157894736842,2,1,7,PHP,1,1,95
Thakshila-Bandara,12,32,22,1657,12,16,1.3333333333333333,8,0.6666666666666666,0,0,5,Java,0,0,114
University-Of-Sri-Jayewardenepura,8,37,0,621,8,6,0.75,2,0.25,0,4,6,C,0,1,98
PethumSandaruwan,14,23,25,1149,14,5,0.35714285714285715,0,0.0,0,0,5,JavaScript,1,1,99
hisni,22,12,10,2784,22,0,0.0,1,0.045454545454545456,39,0,9,JavaScript,1,0,91
sandunisuru,75,35,3,3233,75,40,0.5333333333333333,174,2.32,169,0,12,JavaScript,1,0,117
isurupathumherath,69,33,9,1865,69,44,0.6376811594202898,11,0.15942028985507245,17,0,12,JavaScript,1,1,124
viduwaa,31,11,2,1376,31,8,0.25806451612903225,10,0.3225806451612903,9,8,7,TypeScript,0,0,87
AhamedBilal,44,10,6,2632,44,34,0.7727272727272727,34,0.7727272727272727,28,0,8,JavaScript,1,0,58
SahanChan,64,9,10,2425,64,2,0.03125,2,0.03125,0,0,15,TypeScript,1,1,65
khhm,29,11,16,2685,29,1,0.034482758620689655,0,0.0,0,0,7,Python,0,0,93
UmeshanUC,41,9,7,1877,41,0,0.0,0,0.0,2,0,7,C#,0,0,92
nimesh-piyumal,18,6,2,593,18,1,0.05555555555555555,3,0.16666666666666666,0,5,6,JavaScript,1,1,46
udhanMti,44,10,6,3546,44,1,0.022727272727272728,8,0.18181818181818182,0,3,11,Java,1,1,78
mahanama96,13,29,22,3431,13,0,0.0,0,0.0,0,0,4,PHP,0,0,101
Thilina-Pathirage,65,40,38,2156,65,15,0.23076923076923078,32,0.49230769230769234,3,0,11,HTML,0,1,119
KusalPriyanka,13,12,8,2490,13,3,0.23076923076923078,10,0.7692307692307693,12,0,6,JavaScript,0,0,77
perera99-msd,17,9,9,955,17,4,0.23529411764705882,0,0.0,1,10,7,JavaScript,0,1,50
kushanisajinika,22,30,11,2718,22,0,0.0,11,0.5,18,0,3,HTML,1,0,120
dileepapavel,21,6,8,2457,21,0,0.0,0,0.0,12,0,5,Java,0,1,60
ICTASL,28,27,0,4507,28,94,3.357142857142857,92,3.2857142857142856,127,0,5,HTML,0,1,0
yunethw,15,9,18,3333,15,1,0.06666666666666667,1,0.06666666666666667,1,0,9,Python,1,0,58
anjalidil,16,11,13,2176,16,0,0.0,0,0.0,0,0,6,Python,0,0,77
primafyre,72,12,25,946,72,0,0.0,4,0.05555555555555555,2,2,16,Jupyter Notebook,1,0,97
pasan93,16,7,29,3189,16,1,0.0625,1,0.0625,0,1,5,TypeScript,1,1,63
SadeeshaPerera,57,24,18,1143,57,65,1.1403508771929824,17,0.2982456140350877,1,3,12,JavaScript,1,1,132
pushpithaDilhan,30,9,0,3659,30,18,0.6,22,0.7333333333333333,5,0,6,Java,0,1,82
mendisofficial,39,24,7,1693,39,1,0.02564102564102564,2,0.05128205128205128,1,0,12,Java,0,1,109
Udara-Dananjaya,13,8,1,923,13,1,0.07692307692307693,0,0.0,0,0,7,HTML,0,1,56
ChathuraAlwis,13,15,15,2156,13,3,0.23076923076923078,0,0.0,11,0,6,JavaScript,0,0,67
CA-Creation,25,11,9,1007,25,1,0.04,0,0.0,1,3,7,TypeScript,0,0,95
RashminaFdo,13,10,19,2391,13,0,0.0,1,0.07692307692307693,0,0,3,Java,0,1,77
CharuniKaushalya,40,9,7,3936,40,11,0.275,6,0.15,0,0,14,PHP,0,0,81
NadunSanjeevana,23,9,11,1325,23,6,0.2608695652173913,2,0.08695652173913043,4,0,11,Java,0,0,83
ashanahw,81,15,5,3875,81,72,0.8888888888888888,46,0.5679012345679012,4,0,12,Python,0,1,121
GokulAbisheak,31,7,5,1218,31,30,0.967741935483871,5,0.16129032258064516,11,4,5,JavaScript,0,1,84
dilakshika,31,7,4,2416,31,0,0.0,0,0.0,0,0,5,Java,0,1,79
hirumisenevirathna,22,7,1,1164,22,2,0.09090909090909091,0,0.0,0,3,5,JavaScript,0,1,63
hashanmalawana,46,20,3,3366,46,6,0.13043478260869565,2,0.043478260869565216,0,0,11,HTML,0,0,159
akalanka95,58,27,2,3379,58,5,0.08620689655172414,5,0.08620689655172414,32,0,11,Java,0,0,133
HiruAmarajeewa,13,6,4,915,13,22,1.6923076923076923,0,0.0,0,1,6,HTML,0,0,47
cbabey,25,10,9,2732,25,6,0.24,4,0.16,62,1,7,JavaScript,1,0,86
mtm-zakir,33,10,7,746,33,93,2.8181818181818183,4,0.12121212121212122,1,4,9,Java,1,1,113
Sehansa-coder,7,12,15,412,7,0,0.0,0,0.0,0,4,2,Python,0,1,135
dreamspace-academy,49,25,0,2517,49,29,0.5918367346938775,21,0.42857142857142855,23,2,13,HTML,0,1,124
NawanjanaYashmi,9,10,12,1635,9,3,0.3333333333333333,0,0.0,0,0,5,JavaScript,0,1,70
KaveenAmarasekara,20,7,8,1688,20,1,0.05,0,0.0,1,2,8,JavaScript,1,1,65
SudeshMaduwantha,36,5,3,1796,36,5,0.1388888888888889,0,0.0,0,3,7,TypeScript,0,0,145
AkithaRandira,37,8,22,1254,37,0,0.0,0,0.0,0,1,11,HTML,0,1,107
HarshaniYaparathne,10,20,19,739,10,17,1.7,0,0.0,0,0,5,HTML,0,0,99
nimeshakalanka,87,26,19,1617,87,57,0.6551724137931034,21,0.2413793103448276,3,9,6,Python,0,1,145
Mozilla-lk,7,3,0,3221,7,10,1.4285714285714286,25,3.5714285714285716,10,0,4,Python,0,1,0
Asintha008,8,13,27,1573,8,0,0.0,0,0.0,0,0,4,CSS,0,0,76
KasunHewagama,74,25,11,2683,74,14,0.1891891891891892,11,0.14864864864864866,43,0,9,Java,1,1,140
chamara96,46,12,12,2697,46,9,0.1956521739130435,3,0.06521739130434782,62,1,9,Python,0,1,107
UdaraChamidu,42,23,20,1414,42,77,1.8333333333333333,9,0.21428571428571427,3,14,10,Python,1,1,133
Cyberline-Official,6,3,0,775,6,0,0.0,0,0.0,0,0,1,HTML,0,0,31
open-source-srilanka,6,13,0,1465,6,5,0.8333333333333334,5,0.8333333333333334,0,2,2,Dockerfile,0,1,26
chiraaax,35,25,26,716,35,29,0.8285714285714286,3,0.08571428571428572,1,8,9,JavaScript,1,1,117
UGSNBandara,47,10,8,963,47,2,0.0425531914893617,1,0.02127659574468085,0,15,10,TypeScript,0,0,87
Chamud-Sachintha,70,6,3,1686,70,2,0.02857142857142857,1,0.014285714285714285,0,1,10,TypeScript,0,0,78
Avishka14,34,4,6,1015,34,7,0.20588235294117646,1,0.029411764705882353,0,9,4,Java,0,0,66
rangarodrigo,12,58,0,3469,12,26,2.1666666666666665,14,1.1666666666666667,0,2,3,TeX,1,1,148
Vishwa0416,37,47,33,1095,37,35,0.9459459459459459,0,0.0,0,6,9,Python,1,1,151
Manukagallage7,27,13,25,776,27,3,0.1111111111111111,0,0.0,0,13,5,JavaScript,1,0,102
viduniWaidya,8,18,19,730,8,25,3.125,1,0.125,0,0,3,HTML,1,0,99
PabaWaruni,9,13,15,1621,9,0,0.0,0,0.0,0,2,5,JavaScript,1,0,78
MSCPerera,16,7,6,699,16,8,0.5,0,0.0,0,8,6,JavaScript,0,0,66
lalindumalaka,19,11,17,819,19,0,0.0,0,0.0,1,1,5,HTML,0,1,101
Postman-Students-LK,0,12,0,888,0,0,0.0,0,0.0,0,0,0,None,0,0,0
SithumRaigamage,32,7,8,835,32,1,0.03125,0,0.0,16,5,10,Java,1,0,89
chamalka123,33,6,7,1708,33,1,0.030303030303030304,3,0.09090909090909091,0,0,8,JavaScript,0,1,92
tarinya27,12,4,6,983,12,2,0.16666666666666666,1,0.08333333333333333,0,1,5,Dart,0,0,39
suraweera-AGSS,24,12,8,1050,24,23,0.9583333333333334,1,0.041666666666666664,0,3,9,HTML,1,0,87
KDJ-Lanka,2,8,0,312,2,0,0.0,0,0.0,0,2,1,HTML,0,1,47
nisais-n,13,9,14,2895,13,0,0.0,4,0.3076923076923077,1,0,5,Java,1,1,82
Seja-menath-dev,17,12,11,687,17,9,0.5294117647058824,2,0.11764705882352941,0,0,4,Python,1,1,63
Disira,7,9,4,1523,7,1,0.14285714285714285,0,0.0,0,1,2,JavaScript,0,0,56
tharushatheekshana,9,11,3,981,9,1,0.1111111111111111,1,0.1111111111111111,0,1,4,Java,0,0,87
codezelat,25,17,0,1719,25,1,0.04,3,0.12,9,19,7,TypeScript,0,1,119
KrishanSamarawickrama,25,7,15,3389,25,8,0.32,2,0.08,0,0,4,C#,1,1,78
kasun7153,30,3,2,2083,30,1,0.03333333333333333,10,0.3333333333333333,0,1,6,JavaScript,1,0,28
Dulari1000,13,10,5,777,13,0,0.0,1,0.07692307692307693,0,0,5,Kotlin,0,1,98
UOKSE,5,15,0,2579,5,6,1.2,1,0.2,0,0,3,JavaScript,0,1,80
Mihirirj,25,6,14,1143,25,28,1.12,2,0.08,1,1,5,Java,1,0,86
Lakshan-dev,17,9,1,2143,17,0,0.0,6,0.35294117647058826,0,3,7,TypeScript,0,1,72
nimashanishadini,19,12,12,684,19,1,0.05263157894736842,0,0.0,0,1,4,JavaScript,0,0,99
Kushan20070126,24,5,7,410,24,0,0.0,0,0.0,1,10,10,Java,1,0,63
AiDarkEzio,26,24,7,1679,26,41,1.5769230769230769,92,3.5384615384615383,29,2,7,JavaScript,1,1,114
indura08,39,10,9,1184,39,5,0.1282051282051282,0,0.0,6,7,12,C#,0,1,124
hasithakeshana,42,4,9,2492,42,1,0.023809523809523808,1,0.023809523809523808,83,3,4,JavaScript,1,0,77
SadeepaB,2,15,17,1087,2,3,1.5,1,0.5,0,0,2,JavaScript,0,0,58
SharmBB,30,6,5,2039,30,0,0.0,0,0.0,1,0,8,Java,0,0,94
tharindugithu,51,26,31,1612,51,39,0.7647058823529411,1,0.0196078431372549,4,0,9,Java,1,1,132
udithmpsocial,17,5,30,3230,17,0,0.0,0,0.0,1,0,4,Dart,1,1,45
DulajYapa,9,7,21,1210,9,1,0.1111111111111111,0,0.0,0,2,5,JavaScript,1,0,57
Dilushanpieris,11,8,14,2909,11,9,0.8181818181818182,3,0.2727272727272727,0,3,4,Java,1,1,85
sanjana04W,23,18,45,156,23,1,0.043478260869565216,0,0.0,0,16,3,HTML,0,1,118
KalinduWijekoon,19,3,8,2909,19,8,0.42105263157894735,2,0.10526315789473684,2,0,5,Java,1,1,130
SachiniAmarasinghe97,23,39,37,1909,23,1,0.043478260869565216,0,0.0,0,1,4,HTML,1,1,150
MusabMahmoodh,91,13,12,2725,91,3,0.03296703296703297,3,0.03296703296703297,8,5,9,JavaScript,1,1,150
MaleeshaNethmi,22,7,13,1223,22,0,0.0,0,0.0,0,0,6,JavaScript,0,1,94
dilumsadeepa,37,15,5,2445,37,19,0.5135135135135135,22,0.5945945945945946,1,0,9,PHP,1,1,119
Thashini,18,7,15,1857,18,0,0.0,0,0.0,0,0,4,Java,0,0,101
kannangaranv,40,4,3,1250,40,0,0.0,0,0.0,0,1,9,Jupyter Notebook,1,0,89
Isuranga-2001,46,10,6,2251,46,33,0.717391304347826,3,0.06521739130434782,1,9,9,Ballerina,0,0,127
ArduinoSriLankaCommunity,11,3,0,2661,11,2,0.18181818181818182,5,0.45454545454545453,0,0,4,C++,0,0,0
smartsupun,23,14,22,2230,23,26,1.1304347826086956,4,0.17391304347826086,6,0,5,HTML,0,0,134
ravinduhasi,10,6,8,1044,10,0,0.0,0,0.0,1,1,3,JavaScript,0,0,58
piyumikajayasiri,11,4,5,778,11,1,0.09090909090909091,0,0.0,2,3,3,TypeScript,0,0,53
DulsaraAbhi,10,7,8,750,10,0,0.0,0,0.0,0,0,4,Jupyter Notebook,0,0,56
SithumSuraweera,16,4,5,789,16,18,1.125,0,0.0,0,3,2,Java,1,0,69
ShanSMO,27,3,1,3526,27,1,0.037037037037037035,1,0.037037037037037035,45,6,7,Java,0,1,48
TDhananjaya,62,19,39,3194,62,5,0.08064516129032258,3,0.04838709677419355,2,0,9,HTML,1,1,155
yasirunadeeshaa,28,48,55,752,28,22,0.7857142857142857,0,0.0,2,1,7,Java,1,0,152
kavindukalinga,45,17,25,1918,45,8,0.17777777777777778,4,0.08888888888888889,0,0,10,Python,1,1,149
ashmikan,9,8,8,685,9,0,0.0,0,0.0,0,4,3,JavaScript,1,0,91
ShehanCes,3,3,9,1684,3,0,0.0,0,0.0,0,1,1,Python,0,0,10
Denuwan-Kalubowila,55,47,39,1092,55,6,0.10909090909090909,3,0.05454545454545454,3,2,11,JavaScript,0,0,156
UniversityOfPeradeniya,7,3,0,3579,7,8,1.1428571428571428,5,0.7142857142857143,0,0,4,Python,0,1,27
Chanukaisuru,7,7,5,949,7,0,0.0,0,0.0,0,0,3,JavaScript,0,1,58
VihangaKulathilake,8,10,16,323,8,0,0.0,0,0.0,6,5,4,JavaScript,1,0,100
SandunDissanayake,13,4,7,649,13,2,0.15384615384615385,0,0.0,0,0,4,HTML,0,0,69
binoyPeries,85,5,6,2175,85,3,0.03529411764705882,6,0.07058823529411765,5,8,15,JavaScript,1,1,118
HasiniPrasadika,28,19,23,816,28,14,0.5,2,0.07142857142857142,1,9,11,TypeScript,0,1,129
senurabhawantha,14,10,15,1833,14,0,0.0,0,0.0,0,2,6,Swift,0,0,99
pasinduX,33,9,7,1818,33,1,0.030303030303030304,2,0.06060606060606061,4,0,10,Go,1,0,128
minuraanuradha,15,20,27,1263,15,6,0.4,2,0.13333333333333333,2,1,6,HTML,1,0,111
AminduUK,10,19,45,647,10,1,0.1,0,0.0,0,6,4,Java,0,0,118
HA-Bots,1,20,0,833,1,43,43.0,144,144.0,5,1,1,Python,0,1,61
kavindumadushanka972,73,13,11,2256,73,45,0.6164383561643836,46,0.6301369863013698,2,0,8,JavaScript,0,1,141
GAVIFDO,29,4,5,1318,29,0,0.0,1,0.034482758620689655,0,3,6,HTML,0,0,151
Piriyalini8,28,11,7,2127,28,8,0.2857142857142857,0,0.0,4,0,6,Java,1,0,128
Rumesh-tharindu,55,20,60,2236,55,43,0.7818181818181819,1,0.01818181818181818,0,0,7,HTML,1,1,153
mind-flayers,29,8,5,1662,29,8,0.27586206896551724,0,0.0,2,8,6,JavaScript,0,0,92
KBChanukaJ,26,19,20,1368,26,0,0.0,2,0.07692307692307693,0,1,4,Java,1,0,132
gaveshalabs,11,9,0,1712,11,19,1.7272727272727273,0,0.0,0,1,5,TypeScript,0,1,67
DinethPrabashana,15,12,17,908,15,7,0.4666666666666667,2,0.13333333333333333,0,1,7,Verilog,1,0,127
Jordandotdev,12,10,20,1052,12,1,0.08333333333333333,0,0.0,0,1,5,Dart,0,0,66
POORNA-github,11,10,12,1488,11,36,3.272727272727273,3,0.2727272727272727,0,1,5,HTML,0,0,108
Subhagaya-Git,7,87,104,509,7,15,2.142857142857143,0,0.0,0,2,5,C++,1,0,158
OshadhaPathirana,11,6,1,1378,11,1,0.09090909090909091,3,0.2727272727272727,0,1,4,C++,1,0,98
nibmcs,7,70,0,1284,7,2,0.2857142857142857,0,0.0,7,0,2,HTML,0,1,149
ThilinaTennakoon,9,6,12,1455,9,1,0.1111111111111111,0,0.0,0,1,4,TypeScript,1,1,65
SupunPrabodha,25,18,22,522,25,58,2.32,3,0.12,1,6,8,JavaScript,0,1,145
matheeshapathirana,21,33,50,1059,21,147,7.0,57,2.7142857142857144,18,4,5,Python,0,1,150
VimukthiniAttanayaka,23,42,47,1948,23,1,0.043478260869565216,0,0.0,4,0,8,Java,0,1,151
DhanushkarjtICT,14,4,1,3170,14,3,0.21428571428571427,0,0.0,7,0,4,JavaScript,1,1,49
Tharushidimalsha,2,12,13,1611,2,0,0.0,0,0.0,0,0,2,JavaScript,0,0,68
BilalHamza7,17,4,5,1032,17,0,0.0,2,0.11764705882352941,1,1,5,JavaScript,0,1,69
EroseEmrys,26,4,3,1172,26,3,0.11538461538461539,1,0.038461538461538464,0,0,5,HTML,0,0,60
SandaniM,13,2,4,1420,13,11,0.8461538461538461,0,0.0,0,0,5,HTML,0,1,66
kumuthu-vinsura,18,15,16,2015,18,12,0.6666666666666666,7,0.3888888888888889,1,1,7,HTML,1,1,160
SachinKamalinda,8,8,10,624,8,0,0.0,0,0.0,0,6,3,Python,0,0,93
Yasith8,68,4,9,1630,68,19,0.27941176470588236,2,0.029411764705882353,0,0,8,JavaScript,0,0,100
geethaka11,5,9,10,1001,5,4,0.8,0,0.0,0,3,3,JavaScript,0,0,61
kaveeeee,18,8,12,1561,18,1,0.05555555555555555,1,0.05555555555555555,0,0,6,JavaScript,0,1,77
tharakaWijesundara,24,4,3,2689,24,2,0.08333333333333333,0,0.0,0,0,6,JavaScript,1,0,97
klksl,6,4,8,2522,6,0,0.0,0,0.0,0,0,1,PHP,1,0,45
SIChathuranga,16,4,4,1001,16,14,0.875,0,0.0,0,12,5,JavaScript,1,1,82
Anuja-Dilshan,15,3,1,1766,15,0,0.0,0,0.0,0,0,3,Python,1,0,68
YasithRamawickrama,11,4,3,2402,11,0,0.0,0,0.0,0,0,1,Jupyter Notebook,1,0,78
Chandima0406,36,12,27,806,36,6,0.16666666666666666,4,0.1111111111111111,1,9,7,JavaScript,1,1,143
Ranjuna120,33,7,2,566,33,18,0.5454545454545454,3,0.09090909090909091,7,1,12,JavaScript,1,1,109
roshani226,12,7,4,1706,12,2,0.16666666666666666,0,0.0,2,3,4,HTML,1,0,91
geethsenaviratne,20,4,7,941,20,0,0.0,0,0.0,1,7,9,JavaScript,0,0,83
lakpriyaguru,15,3,8,2105,15,1,0.06666666666666667,0,0.0,1,1,7,Java,1,1,51
M-MohamedHaneef,13,5,14,2166,13,3,0.23076923076923078,0,0.0,2,2,2,HTML,0,0,74
T-Induwara,30,24,14,2018,30,22,0.7333333333333333,12,0.4,3,0,5,CSS,1,1,151
ThaveeshaS,10,18,23,649,10,6,0.6,3,0.3,0,3,5,JavaScript,1,0,139
Madu-rosh,23,15,5,4525,23,5,0.21739130434782608,5,0.21739130434782608,10,0,9,JavaScript,1,1,131
govarthenan,15,20,15,1787,15,4,0.26666666666666666,2,0.13333333333333333,0,1,4,Jupyter Notebook,1,1,110
IlmaRazak,8,8,5,1623,8,1,0.125,0,0.0,0,0,2,Java,0,0,102
MIHIRAJA-KURUPPU,28,7,7,931,28,4,0.14285714285714285,2,0.07142857142857142,0,4,8,Jupyter Notebook,0,0,126
IEEEComputerSocietyofSLIIT,10,16,0,516,10,1,0.1,1,0.1,0,1,2,JavaScript,0,0,126
voidumesha,26,11,5,1282,26,9,0.34615384615384615,0,0.0,0,0,7,JavaScript,1,1,157
NethmalWDI,11,16,14,615,11,1,0.09090909090909091,3,0.2727272727272727,0,2,4,Python,0,0,139
DahamiFonseka,6,5,2,684,6,1,0.16666666666666666,3,0.5,0,0,3,Jupyter Notebook,0,0,73
techseedlanka,5,2,2,2173,5,0,0.0,0,0.0,0,2,3,HTML,1,1,0
r3ki3g,11,5,5,1787,11,2,0.18181818181818182,0,0.0,0,0,2,Jupyter Notebook,1,1,100
SBhagya97,15,9,10,2895,15,9,0.6,5,0.3333333333333333,0,0,5,Java,0,1,110
VenushkiT,12,3,2,782,12,0,0.0,0,0.0,0,0,4,Python,0,0,52
NaveendraKularatne,31,5,8,2685,31,0,0.0,0,0.0,0,0,7,HTML,0,0,105
IT20618186,13,9,11,1654,13,0,0.0,9,0.6923076923076923,7,0,3,JavaScript,1,1,101
afridmanas,25,8,22,1639,25,5,0.2,1,0.04,0,0,7,HTML,1,1,106
Auralis-Lanka,0,3,0,187,0,0,0.0,0,0.0,0,0,0,None,0,0,123
PoornaSankalana,43,1,1,1759,43,6,0.13953488372093023,3,0.06976744186046512,0,1,5,JavaScript,0,1,28
NishadiJayasinghe,21,5,6,3195,21,5,0.23809523809523808,0,0.0,62,0,9,HTML,1,0,90
dextermadh,43,11,23,1565,43,28,0.6511627906976745,0,0.0,1,4,3,Jupyter Notebook,0,1,145
HMigara,25,7,2,1279,25,6,0.24,0,0.0,0,0,7,Java,0,1,112
chamod-malindu,13,8,10,646,13,16,1.2307692307692308,0,0.0,1,7,5,JavaScript,0,0,86
Lahirueranda,21,10,14,1631,21,1,0.047619047619047616,0,0.0,1,1,5,HTML,1,0,106
Ravindu0117,13,7,14,1116,13,10,0.7692307692307693,0,0.0,0,6,5,HTML,1,0,98
tharindukw96,42,10,13,3031,42,4,0.09523809523809523,0,0.0,45,0,9,JavaScript,1,0,149
HAMYL-Aththnayaka,58,5,0,511,58,1,0.017241379310344827,0,0.0,0,13,11,JavaScript,0,1,113
supuni9622,119,0,9,2633,100,17,0.17,0,0.0,2,6,6,JavaScript,1,0,52
RMWeerasinghe,14,10,10,1214,14,0,0.0,2,0.14285714285714285,1,0,5,Jupyter Notebook,1,1,113
nishanthamms,60,1,2,2336,60,1,0.016666666666666666,0,0.0,0,0,9,TypeScript,0,1,36
teshaaan,6,7,8,914,6,0,0.0,0,0.0,1,4,3,C++,0,0,83
vijayasooriyan,18,22,31,778,18,15,0.8333333333333334,0,0.0,0,2,4,JavaScript,0,1,157
ThushiniRanasinghe,5,6,6,3291,5,0,0.0,1,0.2,0,0,2,Java,0,0,83
rmihiranga,20,5,4,3313,20,2,0.1,2,0.1,73,0,8,JavaScript,1,0,91
sheh00,15,11,19,1593,15,0,0.0,0,0.0,0,2,5,CSS,1,0,105
Damsith-LK,9,10,18,1256,9,3,0.3333333333333333,0,0.0,3,0,4,Python,0,0,88
charithroshan,12,6,3,2725,12,7,0.5833333333333334,0,0.0,0,0,5,C#,0,0,89
itzkavindu,17,13,10,1796,17,15,0.8823529411764706,2,0.11764705882352941,2,1,6,Python,0,1,128
Sanuda3088,26,15,11,1617,26,3,0.11538461538461539,5,0.19230769230769232,0,0,7,Dart,0,0,160
erangasudusinghe,8,8,6,2781,8,13,1.625,3,0.375,0,0,4,Dart,1,0,110
lakshan2001sachintha,28,10,13,698,28,5,0.17857142857142858,0,0.0,0,6,8,JavaScript,0,0,105
Achiladilshan,8,7,5,3126,8,0,0.0,1,0.125,0,0,6,JavaScript,0,0,87
Ravindusasanka1,14,12,47,734,14,4,0.2857142857142857,0,0.0,0,1,3,Java,0,0,152
Thaajwer,18,2,6,3195,18,0,0.0,0,0.0,11,0,6,PHP,1,1,123
Devs-LK,3,5,0,923,3,1,0.3333333333333333,2,0.6666666666666666,0,0,2,JavaScript,0,1,55
lahirulakruwan,49,3,2,2437,49,1,0.02040816326530612,5,0.10204081632653061,3,4,8,JavaScript,1,0,110
iamsasa1,28,6,9,2468,28,7,0.25,1,0.03571428571428571,2,0,9,HTML,1,0,121
dhananjayasampath,14,4,6,289,14,2,0.14285714285714285,0,0.0,0,5,3,HTML,0,0,78
Sajith-Dilshan,39,13,32,1913,39,28,0.717948717948718,37,0.9487179487179487,9,2,7,Java,1,1,144
MOHAMED-MUHNI,29,11,10,459,29,7,0.2413793103448276,0,0.0,17,12,5,JavaScript,1,1,148
tilshanR,6,4,4,1618,6,0,0.0,0,0.0,0,0,3,Python,0,0,57
HirumalPriyashan,26,3,3,2295,26,1,0.038461538461538464,0,0.0,150,0,13,Java,0,0,86
yasith46,25,8,13,1016,25,0,0.0,6,0.24,2,3,10,Verilog,0,0,125
KeshanWijesinghe,11,8,8,755,11,0,0.0,0,0.0,0,4,5,JavaScript,0,0,92
LDFLK-Attic,17,0,0,19,17,11,0.6470588235294118,39,2.2941176470588234,59,1,4,Python,0,1,0
buwaneka-halpage,13,5,13,734,13,1,0.07692307692307693,0,0.0,2,3,5,TypeScript,0,1,87
ridmikaw,39,10,15,1075,39,0,0.0,0,0.0,20,2,6,Jupyter Notebook,1,0,153
UmeshaJayakody,24,4,6,756,24,23,0.9583333333333334,2,0.08333333333333333,1,4,8,JavaScript,0,1,92
AroshanaDissanayaka,34,5,5,1188,34,0,0.0,0,0.0,0,0,8,C++,0,0,123
KesharaGunathilaka,24,6,6,711,24,6,0.25,1,0.041666666666666664,3,9,7,JavaScript,0,0,105
vidurasilva,55,9,8,3375,55,1,0.01818181818181818,3,0.05454545454545454,5,0,10,HTML,1,0,157
UdulaAbhishek,2,7,7,1047,2,0,0.0,0,0.0,0,0,0,None,0,0,53
HMGChamidu,10,14,21,215,10,1,0.1,0,0.0,0,2,2,Java,0,0,115
ChandupaDev,13,8,0,386,13,12,0.9230769230769231,0,0.0,0,0,7,JavaScript,1,1,94
ChalanaN,7,6,11,2197,7,10,1.4285714285714286,0,0.0,0,0,2,TypeScript,0,1,76
Nirmana-KAS,21,15,18,989,21,6,0.2857142857142857,5,0.23809523809523808,2,6,6,TypeScript,0,0,137
jinanthi77,16,17,14,671,16,0,0.0,0,0.0,0,1,3,JavaScript,0,0,130
sandarujayathilaka,43,16,15,1510,43,9,0.20930232558139536,10,0.23255813953488372,10,1,9,JavaScript,0,0,144
anujshashimal,45,7,11,2722,45,16,0.35555555555555557,20,0.4444444444444444,134,1,6,JavaScript,1,1,142
Achinthabandara,4,6,11,521,4,1,0.25,0,0.0,0,1,2,HTML,0,0,93
DidulaThavisha,38,8,4,1707,38,44,1.1578947368421053,1,0.02631578947368421,0,2,7,Python,1,0,139
janindu2r,18,4,11,4469,18,1,0.05555555555555555,0,0.0,3,0,8,JavaScript,1,1,148
Hesh03,5,7,7,430,5,0,0.0,0,0.0,0,2,3,Kotlin,0,0,80
LankaNordic,0,2,0,333,0,0,0.0,0,0.0,0,0,0,None,0,1,0
KKShaminda,15,6,7,699,15,0,0.0,0,0.0,0,5,6,JavaScript,1,0,105
IT21228612,21,2,5,1453,21,0,0.0,0,0.0,10,2,4,JavaScript,1,0,73
nadeeshaMadusanka99,29,5,8,1290,29,0,0.0,0,0.0,1,0,8,JavaScript,1,0,113
dilshan98-Thenuka,9,13,25,2169,9,0,0.0,0,0.0,0,0,4,Jupyter Notebook,0,0,107
kalanaashen,19,16,21,669,19,1,0.05263157894736842,0,0.0,0,2,1,Python,0,0,147
lankacomhosting,4,1,0,239,4,0,0.0,0,0.0,0,0,3,JavaScript,0,0,27
Lankatiles,1,2,0,1039,1,0,0.0,0,0.0,0,0,0,None,0,0,0
hyperreal-dev,3,7,0,694,3,0,0.0,0,0.0,0,0,0,None,0,1,61
TharakaJayampathi,23,2,2,2409,23,0,0.0,2,0.08695652173913043,6,3,5,C#,1,1,71
sanmark,23,10,0,4120,23,14,0.6086956521739131,6,0.2608695652173913,9,0,3,PHP,0,1,132
ShalikaFdo,8,6,2,3936,8,2,0.25,3,0.375,1,0,4,PHP,1,1,97
Avindu11,20,5,10,1592,20,3,0.15,0,0.0,1,5,5,JavaScript,1,1,88
hewageuhcu,57,4,3,1280,57,15,0.2631578947368421,1,0.017543859649122806,7,0,15,HTML,1,1,119
nethinduhansaka-dev,37,4,5,643,37,10,0.2702702702702703,4,0.10810810810810811,1,3,6,JavaScript,0,1,82
dhananjaya889,16,9,16,1805,16,2,0.125,0,0.0,0,0,6,JavaScript,1,0,119
bkjaya2020,20,6,7,2301,20,62,3.1,20,1.0,6,0,4,Dockerfile,0,1,101
GimanthaKoswatta,8,4,2,940,8,1,0.125,0,0.0,0,0,6,JavaScript,0,1,70
chandima-dev,36,3,3,1656,36,0,0.0,2,0.05555555555555555,0,1,9,JavaScript,1,1,61
kavinda99r,11,6,8,700,11,1,0.09090909090909091,0,0.0,0,0,5,JavaScript,1,0,117
Ravindu-lasal,13,21,16,562,13,3,0.23076923076923078,1,0.07692307692307693,0,0,4,JavaScript,0,1,136
DamianKenny,20,4,5,346,20,1,0.05,0,0.0,0,6,7,Jupyter Notebook,0,1,90
isuranga1,34,8,14,1358,34,23,0.6764705882352942,6,0.17647058823529413,0,7,11,Jupyter Notebook,1,0,147
Developer-Lanka,7,1,0,385,7,0,0.0,0,0.0,0,1,1,HTML,0,1,118
anathilsainuka,8,3,0,1216,8,0,0.0,0,0.0,0,0,3,Python,0,0,57
SamadhiViduravi,18,5,6,671,18,1,0.05555555555555555,0,0.0,0,3,4,Java,0,1,116
dataintimate,1,13,0,965,1,1,1.0,0,0.0,0,0,1,JavaScript,0,1,67
RashmikaTR,7,4,3,451,7,4,0.5714285714285714,0,0.0,0,3,4,JavaScript,0,0,61
Sanka11,7,3,0,871,7,0,0.0,0,0.0,1,1,5,JavaScript,0,0,62
codeforsrilanka,7,2,0,3598,7,2,0.2857142857142857,2,0.2857142857142857,0,0,3,CSS,0,1,78
DiYaZeN,64,11,26,2181,64,2,0.03125,0,0.0,0,1,14,TypeScript,1,0,150
KisaraPesanjithPerera,28,14,5,1660,28,57,2.0357142857142856,65,2.3214285714285716,3,1,2,Python,1,1,107
isankasandaruwan,12,3,1,814,12,5,0.4166666666666667,1,0.08333333333333333,0,0,3,Java,0,0,67
ItzTharuWa,21,0,0,1024,21,0,0.0,1,0.047619047619047616,0,0,1,JavaScript,0,0,23
udarasadaruwan,16,8,5,724,16,4,0.25,4,0.25,0,0,5,Java,0,0,128
androidwedakarayo,4,22,0,2033,4,73,18.25,24,6.0,15,0,1,JavaScript,0,1,141
tgi25,25,11,0,4213,25,3,0.12,1,0.04,1,5,4,Jupyter Notebook,1,1,138
it22889942,6,0,0,1076,6,0,0.0,0,0.0,0,1,4,JavaScript,0,0,84
vinoth1211,15,7,10,739,15,1,0.06666666666666667,0,0.0,0,3,4,JavaScript,0,0,113
Mozilla-Campus-Club-IIT,15,5,0,3060,15,65,4.333333333333333,240,16.0,264,0,5,Java,0,0,84
Shenori-Weerakoon,22,2,1,1074,22,1,0.045454545454545456,4,0.18181818181818182,0,2,6,JavaScript,0,0,67
ChamathHerath,4,8,8,262,4,7,1.75,0,0.0,1,1,3,JavaScript,0,0,69
Randika00,52,2,0,1644,52,5,0.09615384615384616,1,0.019230769230769232,1,0,16,Python,1,0,91
dinalperaketiya,5,4,5,512,5,6,1.2,0,0.0,0,0,3,JavaScript,0,0,75
RavinduWanasinghe0524,16,13,14,487,16,1,0.0625,6,0.375,0,7,6,TypeScript,0,1,156
BuddhiPrasad,29,8,17,2195,29,11,0.3793103448275862,0,0.0,0,0,3,TypeScript,0,0,143
umair2288,63,2,2,3125,63,0,0.0,3,0.047619047619047616,127,1,13,JavaScript,0,0,98
Enjay404,14,4,6,1246,14,1,0.07142857142857142,0,0.0,0,0,2,MDX,1,1,59
gishanrivindu00,10,4,11,1642,10,0,0.0,0,0.0,0,9,3,JavaScript,1,0,87
MinRaw403,9,4,4,553,9,0,0.0,1,0.1111111111111111,0,1,3,Java,0,1,66
Thimira97,27,5,0,2307,27,0,0.0,15,0.5555555555555556,7,0,6,HTML,1,0,118
mhd-atheel,75,5,1,1684,75,4,0.05333333333333334,1,0.013333333333333334,2,1,8,JavaScript,0,1,146
eSupportTechnology,27,19,0,521,27,0,0.0,4,0.14814814814814814,5,5,6,HTML,0,1,158
navodlakshan,18,9,1,1076,18,17,0.9444444444444444,0,0.0,0,5,8,CSS,1,1,136
chathuri2,12,5,5,1235,12,4,0.3333333333333333,1,0.08333333333333333,0,5,5,TypeScript,1,0,107
sishanhewa,6,7,8,744,6,3,0.5,0,0.0,1,3,4,JavaScript,0,0,98
PrasadMadushanka,11,5,1,628,11,0,0.0,0,0.0,2,1,6,JavaScript,0,0,101
ShehanChamudith,14,4,18,1298,14,0,0.0,1,0.07142857142857142,0,1,8,TypeScript,1,0,87
madushan-sooriyarathne,47,6,8,3107,47,2,0.0425531914893617,1,0.02127659574468085,39,3,7,JavaScript,1,1,122
Enukx,15,4,1,1430,15,5,0.3333333333333333,1,0.06666666666666667,0,1,2,Python,1,1,62
udithayeshmantha,10,7,8,1717,10,3,0.3,2,0.2,0,0,2,JavaScript,0,0,86
TharushaVJ,12,12,12,1300,12,2,0.16666666666666666,1,0.08333333333333333,0,1,5,C,0,0,159
OSCA-SL,11,0,0,2675,11,1,0.09090909090909091,0,0.0,177,0,5,PHP,0,1,37
ButhmiK,21,4,5,1623,21,0,0.0,0,0.0,0,0,4,HTML,0,0,104
nilupul-madhusanka,21,9,12,937,21,0,0.0,4,0.19047619047619047,0,1,6,JavaScript,0,0,128
LakshanFernando,49,3,1,2751,49,0,0.0,0,0.0,2,0,3,TypeScript,1,1,92
HimalEranganaOfficial,37,3,23,2161,37,9,0.24324324324324326,0,0.0,0,5,6,HTML,0,1,71
Dulsha-amilan,51,5,11,1475,51,7,0.13725490196078433,3,0.058823529411764705,1,2,8,JavaScript,1,1,148
Chanuwa2,8,3,1,523,8,17,2.125,1,0.125,1,0,5,Java,1,0,66
yasirupanduka99,31,16,17,1684,31,4,0.12903225806451613,3,0.0967741935483871,0,0,7,JavaScript,0,1,154
Mozhii-LLM,1,6,0,104,1,0,0.0,0,0.0,0,1,1,Python,0,1,41
Suhas-Neramya,8,24,26,1493,8,1,0.125,1,0.125,1,0,4,Python,0,0,108
ishansugathadasa,14,8,3,3131,14,0,0.0,1,0.07142857142857142,1,0,7,JavaScript,1,0,125
WinuWijegunawardhana98,31,2,0,1078,31,3,0.0967741935483871,1,0.03225806451612903,1,3,9,JavaScript,1,0,93
Sandul-Jayakody,8,4,3,1862,8,2,0.25,0,0.0,0,0,4,Dart,0,0,96
Imesh-Isuranga,60,5,0,1651,60,3,0.05,4,0.06666666666666667,6,2,10,Java,1,1,132
nipun-kavishka,6,5,1,2411,6,2,0.3333333333333333,1,0.16666666666666666,1,0,2,TypeScript,1,1,79
dumindu1,10,14,22,1620,10,2,0.2,5,0.5,0,0,3,HTML,0,0,158
Mindiya-Zoysa,12,12,15,913,12,0,0.0,0,0.0,0,3,5,Java,0,0,158
Akalankabandara,17,6,14,1597,17,32,1.8823529411764706,0,0.0,0,0,4,CSS,0,0,106
SupunAdi,14,4,7,827,14,0,0.0,1,0.07142857142857142,0,1,4,Java,1,0,96
sahanEra,10,5,17,1352,10,5,0.5,2,0.2,0,0,3,HTML,0,1,98
ShanelSillva123,12,3,11,1807,12,1,0.08333333333333333,0,0.0,0,1,5,HTML,1,0,82
nileshtheekshana,15,9,7,2101,15,0,0.0,0,0.0,0,6,6,HTML,0,0,144
SLRC-official,5,9,0,439,5,0,0.0,0,0.0,0,2,2,Python,0,1,121
nimeshnuwanga,4,3,4,1231,4,0,0.0,0,0.0,0,0,2,Java,0,0,51
SLIC-general,1,9,0,241,1,0,0.0,0,0.0,0,1,0,None,0,0,0
Imesh-Premjayanth,9,7,8,1197,9,10,1.1111111111111112,0,0.0,0,1,3,JavaScript,0,1,102
sandali-123,15,3,3,2388,15,5,0.3333333333333333,1,0.06666666666666667,3,0,2,Java,1,0,96
ChandeepaJanithPeiris,17,5,1,756,17,1,0.058823529411764705,0,0.0,0,1,5,Jupyter Notebook,0,0,126
lankaverse,3,1,0,1358,3,0,0.0,0,0.0,0,0,1,Ruby,0,0,0
HansiKR,6,5,9,1311,6,17,2.8333333333333335,4,0.6666666666666666,1,0,5,Java,0,1,86
Dushan-456,41,6,5,659,41,1,0.024390243902439025,0,0.0,0,2,5,JavaScript,0,0,148
wmashan,11,8,8,577,11,9,0.8181818181818182,1,0.09090909090909091,0,3,4,Python,1,0,149
thedasss,27,3,5,654,27,1,0.037037037037037035,3,0.1111111111111111,1,2,10,Python,0,0,119
thuvarahan97,33,5,3,2558,33,14,0.42424242424242425,12,0.36363636363636365,0,0,10,Jupyter Notebook,1,0,148
nandundasa,10,11,20,853,10,0,0.0,0,0.0,0,2,5,Python,1,0,141
Apps-Technologies,1,30,0,1934,1,0,0.0,0,0.0,0,0,1,PHP,0,1,126
nimethmanethsiluni,4,8,8,493,4,2,0.5,1,0.25,1,1,2,TypeScript,0,0,124
MigaraThiyunuwan,17,12,6,1691,17,6,0.35294117647058826,3,0.17647058823529413,0,0,7,JavaScript,0,1,150
thamaravp,10,4,10,460,10,0,0.0,0,0.0,0,0,5,Kotlin,0,0,103
chamithdewmin,43,5,2,665,43,19,0.4418604651162791,0,0.0,0,13,8,JavaScript,1,1,147
thusiru,13,2,5,863,13,1,0.07692307692307693,3,0.23076923076923078,1,1,3,Python,0,1,59
mynthan3107,5,5,6,738,5,0,0.0,3,0.6,0,1,3,C,0,0,100
hirushan2001,20,8,4,996,20,23,1.15,0,0.0,1,3,7,JavaScript,0,1,146
novatechzone,0,30,0,1383,0,0,0.0,0,0.0,0,0,0,None,0,1,146
SLIIT-HCI,9,3,0,2124,9,9,1.0,3,0.3333333333333333,2,0,4,Python,0,1,81
AkashOshada,32,0,1,1546,32,1,0.03125,2,0.0625,0,0,2,Python,1,0,28
KanchanaWishajith,19,7,6,737,19,1,0.05263157894736842,0,0.0,0,1,6,JavaScript,0,0,141
annsayuri,5,15,30,226,5,1,0.2,0,0.0,0,1,1,Python,1,1,142
yohan98-dev,21,7,2,2220,21,3,0.14285714285714285,0,0.0,0,0,6,JavaScript,0,1,104
HashCatz,4,3,0,1467,4,2,0.5,5,1.25,0,0,2,Python,0,0,37
portaldotlk,0,5,0,302,0,0,0.0,0,0.0,0,0,0,None,0,1,39
nipun-munasinghe,23,14,12,612,23,6,0.2608695652173913,7,0.30434782608695654,0,4,8,Java,0,0,159
sankajithdjinasena,17,9,2,514,17,0,0.0,0,0.0,0,8,5,Jupyter Notebook,0,1,136
bimsaranawa,10,7,7,1430,10,0,0.0,1,0.1,0,3,4,Verilog,1,0,159
Missaka11,15,5,4,1095,15,5,0.3333333333333333,0,0.0,0,0,4,JavaScript,0,0,141
rumeshamarasinghe,11,8,12,2617,11,0,0.0,0,0.0,0,0,1,HTML,0,0,145
SavinduNimsara,7,2,1,1383,7,0,0.0,0,0.0,0,0,2,Python,1,0,38
SahanJayasinghe,13,4,4,2580,13,1,0.07692307692307693,0,0.0,2,0,6,Python,0,0,114
kajanan1997,14,7,35,2244,14,10,0.7142857142857143,0,0.0,0,0,1,CSS,1,1,123
SuchinthaHettiarachchi,5,4,17,634,5,1,0.2,0,0.0,0,5,4,JavaScript,0,0,77
emiz98,84,3,1,2131,84,6,0.07142857142857142,2,0.023809523809523808,0,0,11,JavaScript,0,1,118
bahasuru-naya,32,7,11,1876,32,2,0.0625,2,0.0625,3,7,10,HTML,0,1,157
ThimiH,16,6,5,1223,16,4,0.25,0,0.0,0,2,5,Jupyter Notebook,0,0,152
Sunera25,21,5,6,1052,21,0,0.0,2,0.09523809523809523,0,1,4,JavaScript,1,1,157
Sujan-Murugesh,48,10,34,1944,48,40,0.8333333333333334,1,0.020833333333333332,0,1,9,Java,1,1,138
greatstudioslk,12,4,0,1494,12,2,0.16666666666666666,8,0.6666666666666666,0,0,6,HTML,0,1,102
onechariot,0,5,0,2347,0,0,0.0,0,0.0,0,0,0,None,0,1,45
Travel-Ceylon,3,4,0,107,3,0,0.0,0,0.0,0,3,1,JavaScript,0,0,45
sanjulanimesh,8,8,8,1079,8,4,0.5,0,0.0,0,1,2,HTML,0,0,107
Hirunisha-Nirmani,7,14,30,1078,7,3,0.42857142857142855,1,0.14285714285714285,0,0,2,Java,0,0,153
Imaludayanga6,12,5,8,776,12,0,0.0,0,0.0,2,0,5,JavaScript,0,0,111
SadeshRaj,5,5,6,273,5,6,1.2,0,0.0,0,4,2,JavaScript,0,0,90
RashmiDulashani,19,6,2,491,19,5,0.2631578947368421,3,0.15789473684210525,0,3,6,CSS,0,0,132
shandharsh,40,4,9,3625,40,33,0.825,0,0.0,0,0,14,JavaScript,1,0,112
eZon-sriLanka,0,4,0,497,0,0,0.0,0,0.0,0,0,0,None,0,0,0
niogin,0,5,0,2909,0,0,0.0,0,0.0,0,0,0,None,0,1,47
AkilaS8,22,2,0,2247,22,32,1.4545454545454546,13,0.5909090909090909,1,0,8,JavaScript,0,1,93
PesanduJ,24,0,0,2156,24,13,0.5416666666666666,0,0.0,0,0,6,C#,0,0,26
savithri3317,9,11,4,2289,9,6,0.6666666666666666,0,0.0,0,0,3,Python,0,0,152
NeluniM,14,7,7,459,14,7,0.5,0,0.0,0,3,6,C++,0,0,144
prasangafdo,100,5,0,3540,100,11,0.11,12,0.12,1,0,9,Java,1,1,155
Malki-19,10,9,7,544,10,0,0.0,0,0.0,0,0,3,JavaScript,0,0,148
Chamuditha30,8,11,11,620,8,0,0.0,0,0.0,0,0,2,JavaScript,1,1,144
lahirujay,19,0,5,2400,19,2,0.10526315789473684,0,0.0,0,0,2,HTML,1,0,128
ChamikaSathsara,26,2,1,1955,26,1,0.038461538461538464,1,0.038461538461538464,3,0,10,JavaScript,1,1,150
sumangala028,30,1,1,3129,30,0,0.0,4,0.13333333333333333,77,0,7,Java,0,0,67
kishdeemu,33,5,5,2044,33,0,0.0,0,0.0,0,0,6,JavaScript,1,1,136
hiarpoetry,14,0,1,2394,14,0,0.0,0,0.0,0,0,1,Java,0,0,103
LakinduOshadha,59,5,2,2228,59,1,0.01694915254237288,4,0.06779661016949153,0,0,9,Java,1,1,148
anudz27,13,9,11,1208,13,1,0.07692307692307693,0,0.0,0,0,4,Java,0,0,151
shehani99,25,2,0,1450,25,2,0.08,1,0.04,1,2,4,HTML,0,0,80
tharanganuwan,53,2,8,1677,53,9,0.16981132075471697,12,0.22641509433962265,0,0,7,Dart,1,0,78
Pruthuvi9,29,0,3,1710,29,0,0.0,0,0.0,0,2,4,JavaScript,0,0,50
Villvay,9,7,0,3909,9,3,0.3333333333333333,0,0.0,9,0,4,JavaScript,0,1,127
parmilan1998,29,3,6,1416,29,2,0.06896551724137931,0,0.0,0,2,5,JavaScript,1,0,131
heshanRkotuwegedara,23,6,23,1659,23,19,0.8260869565217391,0,0.0,0,0,4,JavaScript,0,1,151
Nimeshkamihiran,43,4,1,226,43,37,0.8604651162790697,93,2.1627906976744184,7,15,3,JavaScript,1,0,151
Imalshi1031,6,15,4,1094,6,0,0.0,0,0.0,0,0,1,Kotlin,0,0,149
Akil-Dikshan,4,7,13,447,4,1,0.25,0,0.0,0,2,2,Java,0,0,74
KPSSandaruwan,40,1,0,1953,40,0,0.0,2,0.05,0,0,8,JavaScript,1,0,54
SavindyaDhananjani,17,3,5,1685,17,2,0.11764705882352941,0,0.0,1,0,5,Java,0,0,126
ThisaraAriyawansha,50,3,2,919,50,1,0.02,3,0.06,0,8,12,JavaScript,1,1,144
Thejahw,16,0,0,3010,16,0,0.0,0,0.0,65,1,6,PHP,1,0,47
Nisali1997,23,0,7,2038,23,0,0.0,0,0.0,0,0,4,Java,0,0,60
UdeshAthukorala,112,2,1,2935,100,0,0.0,1,0.01,2,11,7,Java,1,1,139
kaveeshasubashana,40,4,9,421,40,3,0.075,5,0.125,1,9,9,JavaScript,1,0,144
000xs,54,6,9,1640,54,3,0.05555555555555555,3,0.05555555555555555,1,0,8,JavaScript,1,1,150
Bugzeater,10,2,1,1072,10,0,0.0,0,0.0,0,0,4,JavaScript,0,0,50
BhanuBro2k03,9,7,6,853,9,1,0.1111111111111111,0,0.0,0,0,4,C#,0,0,144
indika02,43,0,0,1448,43,0,0.0,0,0.0,0,0,7,Java,0,1,66
FathimaSamila,13,6,4,1625,13,7,0.5384615384615384,2,0.15384615384615385,2,2,5,HTML,0,0,107
DinukaIshara,30,8,10,761,30,2,0.06666666666666667,0,0.0,0,0,3,Java,1,0,141
Tharindu-Talks-Tech,0,17,0,236,0,0,0.0,0,0.0,0,0,0,None,0,1,104
Chathu-12345,10,0,1,1186,10,1,0.1,0,0.0,0,0,1,HTML,0,0,30
kodamulla,9,7,3,992,9,0,0.0,0,0.0,1,6,2,JavaScript,1,1,146
banny01,14,4,0,2635,14,3,0.21428571428571427,2,0.14285714285714285,0,0,6,Java,1,1,105
Sahan-Sandeepa,40,1,5,1133,40,2,0.05,0,0.0,0,2,7,JavaScript,0,0,69
Shashi0710,16,5,11,1169,16,0,0.0,0,0.0,0,0,7,HTML,0,0,132
Teachmeit-lk,2,3,0,2017,2,0,0.0,0,0.0,42,1,2,TypeScript,0,1,53
chamikanilaweera,8,2,1,529,8,0,0.0,0,0.0,0,3,2,HTML,0,0,75
sudariyashoda,11,2,2,1629,11,5,0.45454545454545453,0,0.0,0,1,4,JavaScript,0,0,76
Tharsha-Sivapalarajah,19,3,5,1397,19,0,0.0,1,0.05263157894736842,0,2,8,Jupyter Notebook,1,0,115
shashinduweerasekara,9,1,1,2162,9,1,0.1111111111111111,0,0.0,0,0,3,JavaScript,0,0,35
Lankatronics,2,1,0,794,2,1,0.5,0,0.0,0,0,0,None,1,1,23
Piyumi2025,10,8,11,1181,10,3,0.3,1,0.1,0,2,8,C++,1,0,143
ChampikaRanaweera,11,2,0,1471,11,0,0.0,0,0.0,0,1,5,JavaScript,0,0,67
Mahela-Pandukabhaya,2,7,10,2351,2,0,0.0,0,0.0,0,0,1,JavaScript,1,0,120
lankatg,2,0,0,2127,2,0,0.0,0,0.0,0,0,0,None,0,0,0
lankahost,2,0,0,2103,2,0,0.0,0,0.0,0,0,0,None,0,1,0
Junoj98,8,5,7,1952,8,2,0.25,1,0.125,0,0,4,C#,1,0,116
PasinduShyaminda,20,3,12,1683,20,0,0.0,6,0.3,4,1,5,JavaScript,0,1,139
ItzzAlexId,11,1,0,621,11,1,0.09090909090909091,1,0.09090909090909091,0,0,1,JavaScript,0,0,27
team-ascent,0,4,0,538,0,0,0.0,0,0.0,0,0,0,None,0,1,37
kavindunilusha,24,4,7,1102,24,21,0.875,1,0.041666666666666664,3,1,8,JavaScript,0,0,145
NavoDissanayake,6,2,3,2134,6,8,1.3333333333333333,0,0.0,0,0,2,Java,1,0,71
ShashikaJayasinghe,18,0,0,775,18,14,0.7777777777777778,0,0.0,0,1,3,JavaScript,0,0,43
manuthi2002j,5,5,6,592,5,0,0.0,0,0.0,0,0,3,C,0,0,107
SenalAbeysekara,11,7,5,450,11,2,0.18181818181818182,0,0.0,0,4,6,JavaScript,0,0,147
gayanvirajmadusanka,16,3,2,2304,16,1,0.0625,2,0.125,1,1,4,Java,0,0,126
hadshana,17,3,1,3036,17,0,0.0,1,0.058823529411764705,3,0,6,JavaScript,1,1,127
ShavindaMarasinghe,4,2,2,2664,4,1,0.25,0,0.0,0,0,2,C#,0,0,45
mamijaz,16,3,2,3502,16,1,0.0625,0,0.0,0,0,9,C,0,0,153
thamara2X1,19,2,3,1218,19,0,0.0,1,0.05263157894736842,0,11,9,Dart,0,1,91
PraveenRosa2001,10,9,3,1097,10,1,0.1,1,0.1,2,0,5,JavaScript,1,0,154
DTG-H,6,2,1,1115,6,0,0.0,0,0.0,0,0,3,Java,1,0,145
saxindo,12,0,2,3504,12,0,0.0,0,0.0,0,0,5,C++,0,1,45
PramodikaDulanja,7,3,4,211,7,1,0.14285714285714285,1,0.14285714285714285,0,0,3,HTML,0,0,102
Salu-Kithsara,25,1,4,1772,25,6,0.24,1,0.04,1,0,1,Python,1,1,44
Hansamalee0630,34,6,10,793,34,2,0.058823529411764705,1,0.029411764705882353,2,1,7,Jupyter Notebook,0,1,160
Study-Space-org,16,3,0,1619,16,2,0.125,0,0.0,1,0,1,HTML,0,1,110
Thanugi,9,4,1,720,9,0,0.0,0,0.0,0,1,2,TypeScript,0,0,85
LahiruWanigasooriya,15,3,3,888,15,0,0.0,1,0.06666666666666667,2,2,6,C++,1,0,125
maleeshaDimaAbhishek,30,0,1,656,30,0,0.0,0,0.0,0,7,5,Java,0,0,81
gtkk98,19,1,28,1175,19,3,0.15789473684210525,0,0.0,0,4,7,Python,0,0,49
speedcodersteam,5,3,0,1539,5,6,1.2,0,0.0,1,0,3,Java,0,0,78
divyaJayakody,15,0,0,2636,15,0,0.0,0,0.0,92,0,4,JavaScript,0,0,55
Laksopan23,8,2,2,695,8,2,0.25,0,0.0,1,8,6,JavaScript,0,0,70
Basuru-Jagadakshi,42,0,0,1030,42,1,0.023809523809523808,0,0.0,1,17,10,Java,0,0,81
JamilaHasangi,9,4,7,1427,9,0,0.0,2,0.2222222222222222,0,0,1,HTML,1,0,89
ujithaperera,10,9,5,3897,10,0,0.0,1,0.1,1,0,5,Ruby,0,1,146
Janith-Chathuranga,5,5,7,660,5,0,0.0,0,0.0,0,0,2,Jupyter Notebook,0,0,130
AkhilaNisal,5,3,6,366,5,0,0.0,0,0.0,0,1,2,C++,1,0,99
Kavinga-MKN,6,2,1,359,6,1,0.16666666666666666,0,0.0,0,3,4,Java,0,0,68
VateLanka-lk,5,1,0,382,5,10,2.0,15,3.0,0,0,2,JavaScript,0,1,105
D-Vinod,13,4,2,1589,13,0,0.0,0,0.0,0,0,6,Jupyter Notebook,0,1,147
thilanhasitha,40,5,14,768,40,0,0.0,0,0.0,3,5,6,Jupyter Notebook,1,1,157
tselven,21,2,3,2269,21,30,1.4285714285714286,2,0.09523809523809523,1,2,6,HTML,1,1,89
damsiththevindu,4,6,5,186,4,0,0.0,0,0.0,0,0,0,None,0,0,124
Tharudi-SK,8,2,0,420,8,0,0.0,0,0.0,0,0,4,Python,0,0,91
IT21352676,20,6,6,1459,20,2,0.1,2,0.1,0,0,6,JavaScript,0,0,160
SamithThamel,14,8,9,359,14,3,0.21428571428571427,0,0.0,1,8,6,CSS,1,1,149
HarithDimantha,7,7,10,1390,7,6,0.8571428571428571,0,0.0,0,0,4,HTML,0,0,125
BilalReza,16,1,3,2184,16,0,0.0,1,0.0625,0,0,0,None,0,0,81
Sathinmanitha,9,5,9,937,9,0,0.0,0,0.0,0,3,5,C++,0,0,143
JanudiAdhikari,15,5,7,768,15,0,0.0,1,0.06666666666666667,0,2,5,Java,0,0,160
WijAnushka02,17,4,12,323,17,0,0.0,0,0.0,2,12,4,Assembly,1,0,123
HimaliWimansa,8,2,5,854,8,0,0.0,0,0.0,0,2,3,JavaScript,0,0,78
salithaisuranga,3,2,2,1337,3,0,0.0,0,0.0,0,1,2,Python,1,0,64
ATgayan,46,4,4,1225,46,1,0.021739130434782608,3,0.06521739130434782,30,9,7,TypeScript,0,1,144
HEbhanu-2003,9,5,2,210,9,3,0.3333333333333333,0,0.0,2,3,2,C#,0,0,140
Dev-Roshika,29,0,1,1786,29,7,0.2413793103448276,2,0.06896551724137931,1,0,6,JavaScript,0,0,83
Imashaa,7,6,7,1174,7,0,0.0,0,0.0,0,0,3,JavaScript,0,0,136
Pari902,5,5,6,507,5,0,0.0,0,0.0,0,2,3,JavaScript,0,0,111
Achini-Mekala,5,4,5,216,5,0,0.0,0,0.0,0,3,2,HTML,0,0,98
Bimsara2002,10,5,5,247,10,2,0.2,2,0.2,4,8,3,JavaScript,0,0,120
dzero1,45,6,8,3852,45,3,0.06666666666666667,0,0.0,10,1,10,PHP,1,1,156
Chamudi-Samarasinghe,22,3,1,1521,22,1,0.045454545454545456,0,0.0,0,0,6,JavaScript,0,0,144
kavindumihiran2001,2,7,7,1004,2,0,0.0,0,0.0,0,0,1,Dart,0,0,86
SPBT2002,14,6,3,699,14,1,0.07142857142857142,4,0.2857142857142857,0,11,6,JavaScript,0,1,160
ravishka22,9,6,16,2055,9,5,0.5555555555555556,0,0.0,0,1,4,Java,1,1,160
ShavmiyanV,16,6,10,662,16,8,0.5,0,0.0,0,4,6,TypeScript,0,0,139
Harshana-Prabhath,15,2,3,978,15,0,0.0,0,0.0,1,2,4,TypeScript,0,0,100
Pubudugunawardhana,2,3,2,761,2,0,0.0,0,0.0,2,0,1,PHP,0,0,65
madupoorna,12,3,2,3296,12,0,0.0,0,0.0,0,0,5,Java,0,1,102
hirumiP,13,0,0,782,13,0,0.0,0,0.0,0,1,6,HTML,0,0,46
savindi2003,23,3,2,928,23,3,0.13043478260869565,0,0.0,0,4,6,Java,0,1,143
ravindu422,25,2,4,459,25,15,0.6,2,0.08,18,17,6,JavaScript,0,0,119
Heshanfer96,11,1,1,1600,11,0,0.0,0,0.0,0,0,3,JavaScript,0,0,43
mrahalabishek,8,9,29,2098,8,0,0.0,0,0.0,0,0,4,HTML,1,0,157
lk-developers,5,6,0,2453,5,10,2.0,10,2.0,1,0,2,JavaScript,0,0,120
Sandaru-Imal,12,2,5,2707,12,2,0.16666666666666666,0,0.0,35,1,5,JavaScript,1,0,95
Supuni1,10,2,1,615,10,4,0.4,0,0.0,0,0,6,HTML,1,0,86
tharindurasmal,15,4,1,1047,15,3,0.2,0,0.0,1,3,6,Python,0,1,149
Danush99,25,1,4,1880,25,0,0.0,0,0.0,0,1,8,JavaScript,0,1,85
VIHANGAGIT,13,4,5,1310,13,0,0.0,0,0.0,1,2,6,JavaScript,1,0,140
Yasarasenevirathne,8,3,1,700,8,4,0.5,0,0.0,0,5,3,JavaScript,0,0,120
paranee95,7,2,0,1633,7,3,0.42857142857142855,0,0.0,0,0,3,JavaScript,0,0,72
DilakshanMadhusanka,26,4,6,626,26,0,0.0,0,0.0,0,13,4,Jupyter Notebook,0,0,156
JayasinghePS,12,2,19,1073,12,0,0.0,0,0.0,0,3,8,JavaScript,0,0,98
ranujasanmir,12,1,1,1317,12,6,0.5,0,0.0,0,2,1,Python,1,0,47
CodeMart-Lanka,1,2,0,1589,1,0,0.0,1,1.0,0,1,1,C#,0,0,0
Sheshz,4,10,12,1075,4,0,0.0,0,0.0,0,2,2,JavaScript,1,1,158
subhani-herath,8,4,8,336,8,2,0.25,1,0.125,0,5,4,JavaScript,0,0,120
dush88c,10,1,0,4146,10,0,0.0,0,0.0,37,0,4,JavaScript,0,0,39
kishon45229,10,0,0,1884,10,3,0.3,0,0.0,0,3,6,TypeScript,0,0,51
rah-gif,14,5,11,512,14,6,0.42857142857142855,0,0.0,2,12,6,HTML,0,0,151
Hasaranga22,12,4,10,397,12,1,0.08333333333333333,0,0.0,0,5,4,JavaScript,0,0,147
derana-media,0,11,0,1389,0,0,0.0,0,0.0,0,0,0,None,0,1,115
ravindudiaz,11,5,2,2697,11,2,0.18181818181818182,0,0.0,0,0,4,Dart,0,1,160
RusiruRG,26,4,4,2719,26,0,0.0,3,0.11538461538461539,0,0,5,HTML,1,0,148
abslanka,4,4,8,2748,4,0,0.0,2,0.5,1,0,4,Vue,1,1,112
Randuvidanapathirana,6,4,1,2180,6,0,0.0,0,0.0,0,0,2,JavaScript,0,0,98
shashikalamunasinghe,13,3,3,982,13,0,0.0,0,0.0,0,0,3,Scala,0,0,122
desyslag,0,4,0,1703,0,0,0.0,0,0.0,0,0,0,None,1,1,67
Indika-Wickramathilaka,8,3,4,1033,8,0,0.0,0,0.0,0,1,3,C#,0,0,105
navidawimalaweera,16,0,2,963,16,0,0.0,0,0.0,0,2,5,C++,0,0,59
drmohotti,60,0,1,2719,60,0,0.0,0,0.0,2,0,5,Java,0,0,109
Tisankan,17,4,5,2125,17,2,0.11764705882352941,4,0.23529411764705882,39,2,5,JavaScript,1,1,134
KaveeshaNimanji,10,2,4,801,10,1,0.1,0,0.0,0,1,4,Kotlin,0,0,82
kzkalindu,7,6,2,993,7,1,0.14285714285714285,2,0.2857142857142857,1,1,2,C++,0,0,145
Bhanuka10,23,3,3,714,23,31,1.3478260869565217,1,0.043478260869565216,1,5,7,JavaScript,0,1,160
RainiWijewantha,21,2,2,1272,21,9,0.42857142857142855,0,0.0,0,0,5,Java,0,1,97
RavinduMihiranga,23,1,1,1931,23,0,0.0,0,0.0,0,0,8,Java,1,0,98
LinalFernando,12,5,7,1662,12,2,0.16666666666666666,0,0.0,0,2,4,JavaScript,0,0,159
LaalithaNiroshan01,11,3,9,402,11,0,0.0,2,0.18181818181818182,0,1,5,TypeScript,0,1,113
Rakshithasiriwardhana,9,4,6,2180,9,0,0.0,0,0.0,0,0,5,JavaScript,0,0,133
WijesooriyaHD,22,1,2,1708,22,1,0.045454545454545456,0,0.0,0,0,7,C,0,0,94
sethmiduhimsara,13,3,5,621,13,0,0.0,0,0.0,0,3,5,JavaScript,0,0,133
WMKakalanka,16,3,4,653,16,0,0.0,0,0.0,0,2,9,PHP,0,0,158
ThevinMalaka,17,6,4,3001,17,0,0.0,0,0.0,0,0,5,C#,0,1,144
michellekarunaratne,21,3,3,2967,21,1,0.047619047619047616,8,0.38095238095238093,78,0,6,C++,1,0,157
sachi901,2,5,2,806,2,0,0.0,0,0.0,0,0,1,CSS,0,0,102
imashawilliams,9,0,3,1541,9,0,0.0,0,0.0,0,0,3,HTML,0,0,31
chandimagayan,4,3,3,3178,4,0,0.0,0,0.0,2,0,2,CSS,0,0,98
tharakanilupul,7,0,0,4795,7,1,0.14285714285714285,1,0.14285714285714285,6,0,2,TypeScript,1,1,27
SurajMadhushan1,18,4,1,785,18,6,0.3333333333333333,0,0.0,1,2,5,Dart,1,0,157
HimeshGunathilaka,13,5,2,1735,13,1,0.07692307692307693,0,0.0,0,1,5,JavaScript,0,1,160
DANUWA-MD,2,14,0,303,2,61,30.5,339,169.5,11,0,2,JavaScript,0,1,147
Komal-Disanayaka,8,5,3,357,8,16,2.0,0,0.0,0,8,6,HTML,0,1,160
Shribodhi,4,2,0,619,4,1,0.25,0,0.0,1,0,2,C++,0,0,77
solodevsolutions,8,0,0,232,8,0,0.0,0,0.0,0,3,1,HTML,1,0,158
akiland04,6,8,7,1353,6,0,0.0,0,0.0,0,1,4,Kotlin,1,0,147
Nuha-Haleem,14,1,1,1183,14,1,0.07142857142857142,0,0.0,0,3,6,TypeScript,0,0,105
irusha,23,6,4,1842,23,1,0.043478260869565216,1,0.043478260869565216,1,1,8,Java,0,0,128
AI4HEC,4,2,0,304,4,0,0.0,1,0.25,0,0,3,Python,0,1,59
VenukSyz,2,3,10,777,2,0,0.0,0,0.0,0,0,1,Java,0,0,89
Manee-x,1,5,3,731,1,0,0.0,0,0.0,0,0,1,Java,0,0,94
Jayathkasiwaththa24,18,4,6,1467,18,1,0.05555555555555555,0,0.0,0,0,5,Jupyter Notebook,0,0,157
Kaleshi26,24,2,0,621,24,32,1.3333333333333333,5,0.20833333333333334,2,7,5,JavaScript,0,0,132
mifaazmahroof,10,0,4,4244,10,0,0.0,0,0.0,0,1,3,Python,1,1,60
DeKermit,15,6,5,1752,15,7,0.4666666666666667,0,0.0,0,0,4,JavaScript,0,1,131
malinduGamage,14,1,0,1059,14,3,0.21428571428571427,1,0.07142857142857142,3,7,8,JavaScript,0,0,64
SThenuja,10,2,1,2917,10,4,0.4,14,1.4,0,0,6,Java,0,1,127
iamramishka,51,1,5,2220,51,0,0.0,0,0.0,22,4,7,Python,1,1,112
nimsara789,9,2,2,627,9,0,0.0,0,0.0,0,1,4,Java,0,0,106
Aneeq-vector,16,4,3,463,16,0,0.0,0,0.0,0,0,3,HTML,0,0,155
Chethiya19,21,4,12,804,21,2,0.09523809523809523,0,0.0,0,0,9,JavaScript,0,0,155
Mihiri0303,5,3,0,1914,5,2,0.4,0,0.0,0,0,3,JavaScript,1,0,110
Lakshanr96,7,0,0,1225,7,0,0.0,0,0.0,0,0,2,Python,1,0,40
nipuninawodaniperera,19,0,0,873,19,0,0.0,0,0.0,1,0,0,None,1,0,74
it20600334,13,0,0,1656,13,0,0.0,0,0.0,0,0,4,Python,0,1,74
MatheeshaMihiranga,12,3,3,1012,12,6,0.5,2,0.16666666666666666,0,1,7,JavaScript,0,0,146
gihanpramod,8,0,2,880,8,0,0.0,0,0.0,0,0,4,Python,0,1,51
EvilExecutor,5,5,1,2012,5,2,0.4,1,0.2,0,0,2,HTML,1,1,119
theek13029,8,0,0,1668,8,0,0.0,2,0.25,0,0,1,HTML,1,0,42
RoshanUdaya,5,3,5,2807,5,0,0.0,1,0.2,0,0,4,C#,1,0,88
thariweerakoon,5,7,6,3169,5,0,0.0,0,0.0,0,0,1,PHP,1,0,159
dhananjana05,14,4,11,1174,14,4,0.2857142857142857,0,0.0,0,2,4,HTML,0,0,145
JehanRodrigo,11,4,11,964,11,0,0.0,0,0.0,0,0,6,Python,0,1,143
Rumblingengine4815,16,4,11,583,16,0,0.0,0,0.0,2,5,5,TypeScript,0,0,148
Rizmia,12,0,0,719,12,0,0.0,0,0.0,1,1,5,HTML,0,0,70
KulanyaLisaldi,12,2,2,579,12,0,0.0,0,0.0,0,7,5,Kotlin,0,1,111
V-Roshani,9,0,2,1617,9,9,1.0,0,0.0,0,0,2,HTML,0,0,56
KemsaraPathirana,2,6,6,954,2,0,0.0,0,0.0,0,0,1,CSS,0,0,129
DuajDiaz,3,0,1,1596,3,0,0.0,3,1.0,0,0,1,HTML,0,0,92
phyxle,2,2,0,1935,2,0,0.0,0,0.0,0,0,0,None,0,1,41
mithonk,27,3,4,1367,27,0,0.0,1,0.037037037037037035,0,0,5,JavaScript,0,0,137
theseeker99,36,2,1,1305,36,37,1.0277777777777777,12,0.3333333333333333,0,2,4,Python,1,1,128
IT21469046,6,0,0,1475,6,0,0.0,1,0.16666666666666666,1,0,1,Kotlin,1,0,48
lashika-malith,15,0,2,2070,15,2,0.13333333333333333,0,0.0,1,0,3,HTML,1,0,50
Kavindu-Vishmitha,10,6,5,598,10,1,0.1,0,0.0,0,0,5,Java,0,0,160
Nimna92,2,5,6,639,2,0,0.0,0,0.0,0,2,2,JavaScript,0,0,91
chirangashalitha,13,1,1,1066,13,0,0.0,0,0.0,0,0,6,TypeScript,1,0,58
Nethika-Alagarathnam,16,4,0,936,16,0,0.0,0,0.0,0,0,4,JavaScript,0,0,139
BaasilSabry,5,10,7,704,5,0,0.0,0,0.0,0,0,3,HTML,0,1,160
HShan99,34,1,3,1519,34,1,0.029411764705882353,0,0.0,1,0,8,PHP,0,0,104
Punsath,28,1,0,1103,28,46,1.6428571428571428,0,0.0,0,0,8,JavaScript,0,0,85
BasuraRatnayake,15,2,7,1325,15,0,0.0,1,0.06666666666666667,0,0,4,C#,0,0,149
PoojaAnbalagan,6,1,0,513,6,3,0.5,1,0.16666666666666666,0,0,3,Python,0,0,48
ThilinaLakshanWickramasinghe,7,3,4,1974,7,10,1.4285714285714286,0,0.0,1,0,5,Java,1,0,112
nsl-saranga,36,1,1,910,36,3,0.08333333333333333,0,0.0,0,4,7,Python,1,0,87
sltcieeecs,5,3,0,1014,5,11,2.2,10,2.0,0,2,2,HTML,0,0,103
Amryahmath,27,2,0,666,27,23,0.8518518518518519,1,0.037037037037037035,0,5,8,JavaScript,1,1,146
niruban-codes,9,1,1,597,9,2,0.2222222222222222,1,0.1111111111111111,0,3,4,JavaScript,1,0,121
anuhasreal,5,10,0,1723,5,34,6.8,2,0.4,0,0,3,Python,1,1,160
AshelOno,12,2,5,1013,12,0,0.0,0,0.0,0,0,6,C,1,0,109
Kavi8428,12,0,0,1389,12,0,0.0,0,0.0,0,2,5,JavaScript,1,1,104
janithaDassanayake,57,1,3,2389,57,7,0.12280701754385964,5,0.08771929824561403,78,0,10,Jupyter Notebook,1,1,114
NisalShiranda,33,2,3,1272,33,0,0.0,1,0.030303030303030304,1,7,4,JavaScript,0,0,126
nadukayomal,12,3,1,1189,12,0,0.0,0,0.0,0,1,8,JavaScript,0,0,131
NethmiChamilka,13,0,0,797,13,0,0.0,0,0.0,0,0,4,JavaScript,0,0,72
NiroshanMadusanka,9,3,3,1172,9,0,0.0,0,0.0,0,0,5,JavaScript,0,0,119
PiumalSahashraka,9,1,0,1647,9,0,0.0,0,0.0,0,1,3,Python,0,0,58
Thashini06,9,3,4,543,9,6,0.6666666666666666,0,0.0,0,0,4,Kotlin,0,0,146
ramithwork,43,0,0,692,43,0,0.0,0,0.0,0,0,3,JavaScript,1,0,102
ravishan32,3,5,12,533,3,0,0.0,0,0.0,0,0,2,Python,0,0,144
SAFRASSALIHEEN,25,0,2,1688,25,0,0.0,4,0.16,0,0,5,JavaScript,1,0,87
NadeeraBinoli,10,3,1,1542,10,1,0.1,0,0.0,0,3,4,HTML,0,1,140
Limuthu,12,2,3,2223,12,0,0.0,1,0.08333333333333333,0,1,4,CSS,0,0,82
SachinthaWeerasinghe,16,2,1,803,16,0,0.0,1,0.0625,0,0,7,Jupyter Notebook,0,1,133
Thenushka,12,0,1,1681,12,0,0.0,0,0.0,0,2,2,CSS,0,0,82
TharushaW22,11,4,4,730,11,0,0.0,1,0.09090909090909091,0,6,4,Python,0,1,144
layodya,7,5,7,2405,7,1,0.14285714285714285,1,0.14285714285714285,2,0,3,Java,0,0,158
DhivKrish7,11,0,3,273,11,0,0.0,0,0.0,0,2,1,Python,1,1,83
nawanja09,11,0,0,1077,11,0,0.0,0,0.0,6,1,5,Kotlin,0,1,157
SahanY099,19,0,1,1659,19,0,0.0,1,0.05263157894736842,0,1,5,TypeScript,0,0,75
tharukanandasiri,17,2,4,1442,17,7,0.4117647058823529,1,0.058823529411764705,1,1,9,HCL,0,1,140
CharlieKnight3258,8,0,5,1573,8,2,0.25,1,0.125,0,0,2,Python,0,0,25
it22639080,36,0,0,1080,36,5,0.1388888888888889,0,0.0,0,10,8,JavaScript,0,0,106
VINUKA-DINETHMIN,11,5,3,619,11,0,0.0,0,0.0,6,0,4,JavaScript,1,1,160
THARINDU-JAT,26,2,6,905,26,0,0.0,0,0.0,0,2,9,JavaScript,0,1,154
tharishan13,3,5,5,1084,3,0,0.0,0,0.0,0,0,1,Kotlin,0,0,128
UpekkaA,26,1,0,4236,26,2,0.07692307692307693,3,0.11538461538461539,0,0,9,Java,0,0,102
ItInsightZone,0,3,0,511,0,0,0.0,0,0.0,0,0,0,None,0,0,72
IamPirateBruh,2,3,1,810,2,0,0.0,0,0.0,0,0,0,None,1,0,153
Dhanushapunsara,2,3,3,356,2,0,0.0,0,0.0,0,0,1,Kotlin,0,0,95
RAVINDUTRP,10,2,2,715,10,2,0.2,0,0.0,1,6,5,JavaScript,0,1,103
Webgen-Software-Compnay,1,4,0,392,1,0,0.0,1,1.0,0,0,1,JavaScript,0,1,94
fixpoint-tech,4,2,0,139,4,0,0.0,1,0.25,1,2,2,JavaScript,0,0,82
Pirarththy,0,4,4,640,0,0,0.0,0,0.0,0,0,0,None,1,0,81
DinusaraNethmal,7,2,1,100,7,3,0.42857142857142855,1,0.14285714285714285,0,2,5,Jupyter Notebook,0,1,97
DaniruJayangana,9,0,2,533,9,2,0.2222222222222222,0,0.0,0,3,0,None,0,0,68
Malitha-parikalpa,11,2,2,1077,11,8,0.7272727272727273,0,0.0,0,1,3,JavaScript,0,0,123
MasterINP,10,0,0,1493,10,0,0.0,0,0.0,2,0,4,HTML,0,0,65
chamal-dissanayake,13,0,0,2107,13,3,0.23076923076923078,0,0.0,0,0,1,JavaScript,1,1,88
ruvindi-matharaarachchi,36,1,1,1018,36,4,0.1111111111111111,2,0.05555555555555555,1,2,5,JavaScript,0,0,106
UmeshikaThathsarani,11,4,2,3001,11,0,0.0,2,0.18181818181818182,0,0,4,JavaScript,0,0,154
HirukaWarnakula,11,0,5,1298,11,0,0.0,0,0.0,1,0,3,Kotlin,0,0,58
SEDSMora,1,8,0,1636,1,0,0.0,0,0.0,0,0,1,HTML,1,1,118
VinuraImalka,11,1,0,859,11,0,0.0,1,0.09090909090909091,0,0,4,HTML,0,0,67
ishanj-lk,16,1,0,1865,16,8,0.5,0,0.0,1,0,4,JavaScript,0,1,81
chamil,5,3,0,5378,5,0,0.0,0,0.0,0,1,1,Apex,1,1,140
sathmi2001,3,7,9,681,3,0,0.0,0,0.0,0,0,1,Kotlin,0,0,154
ChathuraHIDD,8,0,0,405,8,0,0.0,0,0.0,0,4,1,JavaScript,0,0,136
ThamashaPasidunee,10,3,1,968,10,0,0.0,0,0.0,0,0,4,Python,0,0,150
RuchiraSandaruwan,6,0,0,3086,6,0,0.0,0,0.0,0,0,4,Python,0,0,50
Kan-Rup,9,0,0,2334,9,0,0.0,0,0.0,0,0,4,Python,0,1,43
MethyaDeSilva,7,0,1,595,7,0,0.0,0,0.0,0,1,1,JavaScript,0,0,45
mhmmuneef,14,3,9,1772,14,1,0.07142857142857142,1,0.07142857142857142,0,0,3,Python,1,1,156
Asmarfk,6,0,0,1599,6,0,0.0,0,0.0,0,0,3,JavaScript,0,0,51
Sine-D,24,0,0,459,24,0,0.0,0,0.0,0,10,8,JavaScript,1,1,104
eversoft-lk,8,4,0,787,8,3,0.375,27,3.375,1,0,4,TypeScript,0,1,160
Chamindusamarathunga,2,2,1,430,2,0,0.0,0,0.0,0,2,1,Python,0,0,73
jenes65,4,0,0,1152,4,0,0.0,0,0.0,0,0,1,HTML,1,1,69
tsandaruwn,34,1,3,1102,34,1,0.029411764705882353,1,0.029411764705882353,0,0,6,HTML,0,0,114
Chethila,4,2,3,1643,4,7,1.75,0,0.0,0,0,3,Java,0,1,82
RidmiPiumika,5,1,4,1656,5,0,0.0,0,0.0,0,0,1,JavaScript,0,0,44
Ravishma-Liyanage86,10,0,0,1615,10,0,0.0,0,0.0,0,0,1,Java,1,0,75
Ayodya2007,16,1,1,1189,16,9,0.5625,19,1.1875,0,0,1,JavaScript,1,1,55
chamodyasamarasinghe,6,0,1,1537,6,0,0.0,0,0.0,0,0,1,JavaScript,0,0,54
Amindu-sathsara,12,3,6,965,12,1,0.08333333333333333,0,0.0,0,1,4,TypeScript,0,0,157
CyberOctane,17,0,0,3156,17,1,0.058823529411764705,0,0.0,0,0,2,HTML,0,1,88
nkrisnaraj,16,2,3,950,16,1,0.0625,7,0.4375,20,2,4,JavaScript,0,0,138
TharinduPremarathne,9,3,2,1101,9,1,0.1111111111111111,0,0.0,0,2,3,HTML,0,0,151
ashan210,7,3,1,1219,7,1,0.14285714285714285,0,0.0,0,0,4,C++,0,0,142
hxm-xd,14,1,0,907,14,0,0.0,1,0.07142857142857142,0,10,6,HTML,0,1,65
tharindunirmala,9,0,0,770,9,0,0.0,0,0.0,0,0,4,JavaScript,0,0,58
TharinduNilan,13,2,2,1402,13,0,0.0,0,0.0,0,2,4,JavaScript,1,1,97
effsilent,0,3,1,3593,0,0,0.0,0,0.0,0,0,0,None,1,1,93
lankatourexperts,0,0,0,994,0,0,0.0,0,0.0,0,0,0,None,1,1,83
Lanka-3D-Printing,0,0,0,1617,0,0,0.0,0,0.0,0,0,0,None,0,1,0
Akshaya-hub,15,1,4,604,15,0,0.0,3,0.2,3,0,6,Jupyter Notebook,0,0,91
LankaAds1,0,0,0,172,0,0,0.0,0,0.0,0,0,0,None,1,1,142
JananiNimeshika,8,2,1,2180,8,0,0.0,0,0.0,0,0,3,Java,0,0,91
HackersInSriLanka,1,2,2,1727,1,1,1.0,0,0.0,0,0,0,None,1,1,27
it13136352,8,0,0,3492,8,0,0.0,0,0.0,0,0,3,Java,0,1,66
wishma98,8,0,0,1463,8,0,0.0,0,0.0,0,0,6,C#,0,0,45
navi20021234,7,2,2,690,7,0,0.0,0,0.0,0,3,3,JavaScript,1,1,124
kaween2003,10,0,0,310,10,0,0.0,1,0.1,0,5,5,SystemVerilog,1,0,70
lankasenanayaka,0,0,0,3634,0,0,0.0,0,0.0,0,0,0,None,1,0,143
kavinduamesh,6,0,0,2123,6,0,0.0,0,0.0,0,0,4,Python,0,0,56
lanka4,0,0,0,922,0,0,0.0,0,0.0,0,0,0,None,1,0,160
jayarajrohan,6,5,0,2960,6,0,0.0,0,0.0,0,0,4,JavaScript,0,0,136
HirushanBandara,3,0,0,1586,3,0,0.0,0,0.0,0,0,1,HTML,0,1,38
TharshanaThavaranjan,7,0,1,488,7,0,0.0,0,0.0,0,0,4,JavaScript,0,0,58
wishvajithW3,14,2,2,674,14,0,0.0,0,0.0,0,1,2,Kotlin,1,1,127
Inupa-Maditha,3,2,3,107,3,0,0.0,0,0.0,0,2,2,HTML,0,0,83
Tharusha-Sihan,8,2,0,1216,8,2,0.25,0,0.0,0,0,7,C,0,0,136
pravisharodrigo,33,3,7,1912,33,1,0.030303030303030304,0,0.0,3,0,5,PHP,0,1,157
kadchamara,4,3,3,1266,4,0,0.0,0,0.0,0,0,2,CSS,0,0,126
LankaTreats,0,1,0,264,0,0,0.0,0,0.0,0,0,0,None,0,1,0
lankalogodesign,0,0,0,3082,0,0,0.0,0,0.0,0,0,0,None,1,1,36
dinukaDB,17,2,2,1722,17,3,0.17647058823529413,1,0.058823529411764705,0,0,7,JavaScript,0,0,122
shanelperera-exe,22,0,0,585,22,0,0.0,0,0.0,6,8,8,Python,0,0,101
lankaphotocopymachines26-pixel,0,0,0,10,0,0,0.0,0,0.0,0,0,0,None,1,1,160
IT22590480,6,2,2,1047,6,0,0.0,0,0.0,0,0,3,Kotlin,0,0,105
shanika2002,7,4,3,610,7,0,0.0,0,0.0,0,1,4,Kotlin,0,0,160
Himeshi26,3,7,4,577,3,6,2.0,0,0.0,0,3,2,JavaScript,0,0,157
dilshi126,18,2,2,1474,18,0,0.0,0,0.0,0,6,7,Java,0,0,160
Akthar-Farvees,27,3,5,1630,27,6,0.2222222222222222,0,0.0,0,1,9,TypeScript,0,1,156
LahiruPHerath,5,3,3,648,5,0,0.0,0,0.0,0,0,4,JavaScript,1,0,142
MohamadShukry,20,0,0,1802,20,0,0.0,0,0.0,0,0,5,Jupyter Notebook,0,1,118
Lanka-Realty-Investments-PLC,1,0,0,1355,1,0,0.0,0,0.0,0,0,1,HTML,0,1,160
shahana-banu,9,1,1,2912,9,0,0.0,2,0.2222222222222222,7,0,5,TypeScript,1,0,86
openconnectousl,4,4,0,728,4,1,0.25,6,1.5,2,0,2,Go,0,0,136
Cyberlowspecs,1,2,1,1047,1,0,0.0,0,0.0,0,0,0,None,0,0,45
Thevindu-Amarasinghe,6,0,0,2105,6,0,0.0,0,0.0,4,0,3,Java,1,0,77
Nadeeshana-Lahiru,15,3,2,509,15,9,0.6,1,0.06666666666666667,0,9,6,Java,1,0,159
SanujiSilva,19,1,1,778,19,2,0.10526315789473684,0,0.0,0,1,6,JavaScript,0,0,105
ChathurakaT,13,1,0,1619,13,0,0.0,0,0.0,0,1,5,HTML,0,1,67
Ravihara1998,20,0,0,1445,20,17,0.85,0,0.0,2,5,9,JavaScript,1,1,121
ieeecssliit,2,4,1,516,2,0,0.0,0,0.0,1,0,0,None,0,0,126
Ruvinsara23,29,1,3,1434,29,2,0.06896551724137931,5,0.1724137931034483,0,2,5,JavaScript,0,0,114
it21133718,8,2,5,1684,8,0,0.0,0,0.0,1,0,2,JavaScript,0,0,121
chanukagayantha,16,4,5,2717,16,0,0.0,1,0.0625,0,0,6,C++,1,0,148
SandaruwanK182,13,2,11,647,13,0,0.0,0,0.0,3,4,4,Python,0,1,151
AIESECSL,2,1,0,2541,2,0,0.0,1,0.5,0,0,1,TypeScript,1,1,160
SeVaLanka,2,0,0,190,2,0,0.0,0,0.0,0,0,2,C#,0,0,0
IT22898920,45,0,2,1069,45,13,0.28888888888888886,1,0.022222222222222223,60,8,8,JavaScript,0,0,145
hpcsupunk,4,4,7,1435,4,0,0.0,0,0.0,0,0,3,JavaScript,0,0,113
kumodyathamadi,17,1,2,914,17,2,0.11764705882352941,0,0.0,0,12,4,JavaScript,0,0,88
dechorizontech,1,4,0,1599,1,0,0.0,0,0.0,0,0,1,HTML,0,1,82
CYN-SRI-LANKA,2,1,0,258,2,0,0.0,1,0.5,0,1,1,JavaScript,0,1,114
SurajMadhushan,16,0,1,920,16,0,0.0,0,0.0,2,1,6,JavaScript,1,0,91
lithirasilva,13,3,7,1961,13,0,0.0,0,0.0,0,3,6,JavaScript,0,0,150
Tharushi-Umesha,36,2,7,889,36,8,0.2222222222222222,0,0.0,0,7,9,JavaScript,1,0,149
digifoxlk,5,2,0,558,5,1,0.2,0,0.0,0,3,1,PHP,0,1,110
brainuslk,3,6,0,355,3,2,0.6666666666666666,0,0.0,0,3,2,Python,0,1,158
SeyCompLk,2,2,0,1715,2,3,1.5,2,1.0,16,0,2,JavaScript,0,1,53
pragathiSithmini,16,2,3,1551,16,2,0.125,0,0.0,0,0,8,Java,0,0,138
nuwani-wickramasinghe,6,2,0,1310,6,1,0.16666666666666666,0,0.0,0,0,1,HTML,0,0,133
SashinthaD,10,2,0,1643,10,0,0.0,0,0.0,0,0,2,Java,0,1,154
CodeFlexOfficial,3,2,0,1099,3,0,0.0,0,0.0,1,0,0,None,1,0,92
RavinduLavan,4,3,1,1644,4,0,0.0,0,0.0,0,1,1,Jupyter Notebook,0,0,100
helasoftLK,2,0,0,840,2,0,0.0,0,0.0,0,0,1,Java,1,0,22
sarangamage,5,0,0,1148,5,0,0.0,0,0.0,0,0,1,Java,0,0,68
humaidh-haameem,9,0,0,1158,9,0,0.0,0,0.0,1,1,5,HTML,0,0,91
stefan1230,23,0,1,2899,23,1,0.043478260869565216,1,0.043478260869565216,32,0,7,JavaScript,0,0,107
Anuk-Cooray,4,4,1,148,4,0,0.0,0,0.0,0,1,1,JavaScript,0,1,156
bhagyaSJ,2,2,3,745,2,0,0.0,0,0.0,0,1,1,PHP,0,0,73
pasanUdr,27,1,1,1209,27,2,0.07407407407407407,1,0.037037037037037035,2,1,12,JavaScript,0,1,118
chathurangac91,2,4,7,3558,2,0,0.0,0,0.0,0,1,1,PHP,0,0,123
NexGen-lk,0,2,0,238,0,0,0.0,0,0.0,0,0,0,None,0,1,44
